timestamp_utc,device_id,device_name,vendor,ifindex,units,sampling_rate,value
2026-04-20T00:00:00+00:00,dev-001,core-rtr-01,cisco,2,bps,1,360044285.52
2026-04-20T01:00:00+00:00,dev-001,core-rtr-01,cisco,2,bps,1,370754839.35
2026-04-20T02:00:00+00:00,dev-001,core-rtr-01,cisco,2,bps,1,350131037.21
2026-04-20T03:00:00+00:00,dev-001,core-rtr-01,cisco,2,bps,1,327938693.8
2026-04-20T04:00:00+00:00,dev-001,core-rtr-01,cisco,2,bps,1,343631851.73
2026-04-20T05:00:00+00:00,dev-001,core-rtr-01,cisco,2,bps,1,324300724.02
2026-04-20T06:00:00+00:00,dev-001,core-rtr-01,cisco,2,bps,1,362165169.69
2026-04-20T07:00:00+00:00,dev-001,core-rtr-01,cisco,2,bps,1,408247748.84
2026-04-20T08:00:00+00:00,dev-001,core-rtr-01,cisco,2,bps,1,798654652.44
2026-04-20T09:00:00+00:00,dev-001,core-rtr-01,cisco,2,bps,1,787880108.42
2026-04-20T10:00:00+00:00,dev-001,core-rtr-01,cisco,2,bps,1,881146732.22
2026-04-20T11:00:00+00:00,dev-001,core-rtr-01,cisco,2,bps,1,869978508.69
2026-04-20T12:00:00+00:00,dev-001,core-rtr-01,cisco,2,bps,1,848854796.92
2026-04-20T13:00:00+00:00,dev-001,core-rtr-01,cisco,2,bps,1,761840684.24
2026-04-20T14:00:00+00:00,dev-001,core-rtr-01,cisco,2,bps,1,837542846.91
2026-04-20T15:00:00+00:00,dev-001,core-rtr-01,cisco,2,bps,1,898405468.33
2026-04-20T16:00:00+00:00,dev-001,core-rtr-01,cisco,2,bps,1,727085978.03
2026-04-20T17:00:00+00:00,dev-001,core-rtr-01,cisco,2,bps,1,801560276.07
2026-04-20T18:00:00+00:00,dev-001,core-rtr-01,cisco,2,bps,1,680297289.86
2026-04-20T19:00:00+00:00,dev-001,core-rtr-01,cisco,2,bps,1,731678829.86
2026-04-20T20:00:00+00:00,dev-001,core-rtr-01,cisco,2,bps,1,293697538.64
2026-04-20T21:00:00+00:00,dev-001,core-rtr-01,cisco,2,bps,1,351536719.28
2026-04-20T22:00:00+00:00,dev-001,core-rtr-01,cisco,2,bps,1,314371926.67
2026-04-20T23:00:00+00:00,dev-001,core-rtr-01,cisco,2,bps,1,369765516.92
2026-04-21T00:00:00+00:00,dev-001,core-rtr-01,cisco,2,bps,1,365643039.12
2026-04-21T01:00:00+00:00,dev-001,core-rtr-01,cisco,2,bps,1,353270485.99
2026-04-21T02:00:00+00:00,dev-001,core-rtr-01,cisco,2,bps,1,269396650.41
2026-04-21T03:00:00+00:00,dev-001,core-rtr-01,cisco,2,bps,1,340607055.75
2026-04-21T04:00:00+00:00,dev-001,core-rtr-01,cisco,2,bps,1,358253965.97
2026-04-21T05:00:00+00:00,dev-001,core-rtr-01,cisco,2,bps,1,364079123.5
2026-04-21T06:00:00+00:00,dev-001,core-rtr-01,cisco,2,bps,1,304915112.44
2026-04-21T07:00:00+00:00,dev-001,core-rtr-01,cisco,2,bps,1,342800882.06
2026-04-21T08:00:00+00:00,dev-001,core-rtr-01,cisco,2,bps,1,757804397.44
2026-04-21T09:00:00+00:00,dev-001,core-rtr-01,cisco,2,bps,1,772057671.89
2026-04-21T10:00:00+00:00,dev-001,core-rtr-01,cisco,2,bps,1,929115484.36
2026-04-21T11:00:00+00:00,dev-001,core-rtr-01,cisco,2,bps,1,772167087.27
2026-04-21T12:00:00+00:00,dev-001,core-rtr-01,cisco,2,bps,1,837268176.78
2026-04-21T13:00:00+00:00,dev-001,core-rtr-01,cisco,2,bps,1,914288748.86
2026-04-21T14:00:00+00:00,dev-001,core-rtr-01,cisco,2,bps,1,790977563.65
2026-04-21T15:00:00+00:00,dev-001,core-rtr-01,cisco,2,bps,1,830617036.23
2026-04-21T16:00:00+00:00,dev-001,core-rtr-01,cisco,2,bps,1,849278988.03
2026-04-21T17:00:00+00:00,dev-001,core-rtr-01,cisco,2,bps,1,845357669.04
2026-04-21T18:00:00+00:00,dev-001,core-rtr-01,cisco,2,bps,1,737095310.58
2026-04-21T19:00:00+00:00,dev-001,core-rtr-01,cisco,2,bps,1,846395779.35
2026-04-21T20:00:00+00:00,dev-001,core-rtr-01,cisco,2,bps,1,408917643.18
2026-04-21T21:00:00+00:00,dev-001,core-rtr-01,cisco,2,bps,1,304302791.59
2026-04-21T22:00:00+00:00,dev-001,core-rtr-01,cisco,2,bps,1,390937776.77
2026-04-21T23:00:00+00:00,dev-001,core-rtr-01,cisco,2,bps,1,364296744.93
2026-04-22T00:00:00+00:00,dev-001,core-rtr-01,cisco,2,bps,1,336907065.81
2026-04-22T01:00:00+00:00,dev-001,core-rtr-01,cisco,2,bps,1,432014995.67
2026-04-22T02:00:00+00:00,dev-001,core-rtr-01,cisco,2,bps,1,387441349.64
2026-04-22T03:00:00+00:00,dev-001,core-rtr-01,cisco,2,bps,1,316825599.52
2026-04-22T04:00:00+00:00,dev-001,core-rtr-01,cisco,2,bps,1,362682584.24
2026-04-22T05:00:00+00:00,dev-001,core-rtr-01,cisco,2,bps,1,380760825.01
2026-04-22T06:00:00+00:00,dev-001,core-rtr-01,cisco,2,bps,1,353203843.49
2026-04-22T07:00:00+00:00,dev-001,core-rtr-01,cisco,2,bps,1,384584769.62
2026-04-22T08:00:00+00:00,dev-001,core-rtr-01,cisco,2,bps,1,834412545.11
2026-04-22T09:00:00+00:00,dev-001,core-rtr-01,cisco,2,bps,1,896048795.11
2026-04-22T10:00:00+00:00,dev-001,core-rtr-01,cisco,2,bps,1,960835897.7
2026-04-22T11:00:00+00:00,dev-001,core-rtr-01,cisco,2,bps,1,783244370.92
2026-04-22T12:00:00+00:00,dev-001,core-rtr-01,cisco,2,bps,1,857063643.27
2026-04-22T13:00:00+00:00,dev-001,core-rtr-01,cisco,2,bps,1,801082163.57
2026-04-22T14:00:00+00:00,dev-001,core-rtr-01,cisco,2,bps,1,850690546.54
2026-04-22T15:00:00+00:00,dev-001,core-rtr-01,cisco,2,bps,1,740275659.66
2026-04-22T16:00:00+00:00,dev-001,core-rtr-01,cisco,2,bps,1,791338665.89
2026-04-22T17:00:00+00:00,dev-001,core-rtr-01,cisco,2,bps,1,823519538.28
2026-04-22T18:00:00+00:00,dev-001,core-rtr-01,cisco,2,bps,1,915496165.26
2026-04-22T19:00:00+00:00,dev-001,core-rtr-01,cisco,2,bps,1,936198648.63
2026-04-22T20:00:00+00:00,dev-001,core-rtr-01,cisco,2,bps,1,312352999.47
2026-04-22T21:00:00+00:00,dev-001,core-rtr-01,cisco,2,bps,1,331392874.82
2026-04-22T22:00:00+00:00,dev-001,core-rtr-01,cisco,2,bps,1,383288523.21
2026-04-22T23:00:00+00:00,dev-001,core-rtr-01,cisco,2,bps,1,288272887.77
2026-04-23T00:00:00+00:00,dev-001,core-rtr-01,cisco,2,bps,1,343325884.86
2026-04-23T01:00:00+00:00,dev-001,core-rtr-01,cisco,2,bps,1,356497670.68
2026-04-23T03:00:00+00:00,dev-001,core-rtr-01,cisco,2,bps,1,384818540.42
2026-04-23T04:00:00+00:00,dev-001,core-rtr-01,cisco,2,bps,1,348220316.87
2026-04-23T05:00:00+00:00,dev-001,core-rtr-01,cisco,2,bps,1,346731267.81
2026-04-23T06:00:00+00:00,dev-001,core-rtr-01,cisco,2,bps,1,350992965.58
2026-04-23T07:00:00+00:00,dev-001,core-rtr-01,cisco,2,bps,1,414847058.42
2026-04-23T08:00:00+00:00,dev-001,core-rtr-01,cisco,2,bps,1,804045904.82
2026-04-23T09:00:00+00:00,dev-001,core-rtr-01,cisco,2,bps,1,814490847.38
2026-04-23T10:00:00+00:00,dev-001,core-rtr-01,cisco,2,bps,1,869617481.65
2026-04-23T11:00:00+00:00,dev-001,core-rtr-01,cisco,2,bps,1,829855282.61
2026-04-23T12:00:00+00:00,dev-001,core-rtr-01,cisco,2,bps,1,823428124.85
2026-04-23T13:00:00+00:00,dev-001,core-rtr-01,cisco,2,bps,1,746418359.98
2026-04-23T14:00:00+00:00,dev-001,core-rtr-01,cisco,2,bps,1,839032196.68
2026-04-23T15:00:00+00:00,dev-001,core-rtr-01,cisco,2,bps,1,802739177.27
2026-04-23T16:00:00+00:00,dev-001,core-rtr-01,cisco,2,bps,1,937954733.2
2026-04-23T17:00:00+00:00,dev-001,core-rtr-01,cisco,2,bps,1,894859434.23
2026-04-23T18:00:00+00:00,dev-001,core-rtr-01,cisco,2,bps,1,837971936.51
2026-04-23T19:00:00+00:00,dev-001,core-rtr-01,cisco,2,bps,1,896144005.95
2026-04-23T20:00:00+00:00,dev-001,core-rtr-01,cisco,2,bps,1,347764696.14
2026-04-23T21:00:00+00:00,dev-001,core-rtr-01,cisco,2,bps,1,397876548.9
2026-04-23T22:00:00+00:00,dev-001,core-rtr-01,cisco,2,bps,1,359805615.82
2026-04-23T23:00:00+00:00,dev-001,core-rtr-01,cisco,2,bps,1,381001764.75
2026-04-24T00:00:00+00:00,dev-001,core-rtr-01,cisco,2,bps,1,313527843.17
2026-04-24T01:00:00+00:00,dev-001,core-rtr-01,cisco,2,bps,1,372480481.76
2026-04-24T02:00:00+00:00,dev-001,core-rtr-01,cisco,2,bps,1,299224651.77
2026-04-24T03:00:00+00:00,dev-001,core-rtr-01,cisco,2,bps,1,286728157.98
2026-04-24T04:00:00+00:00,dev-001,core-rtr-01,cisco,2,bps,1,349038832.4
2026-04-24T05:00:00+00:00,dev-001,core-rtr-01,cisco,2,bps,1,327602606.13
2026-04-24T06:00:00+00:00,dev-001,core-rtr-01,cisco,2,bps,1,365905900.65
2026-04-24T07:00:00+00:00,dev-001,core-rtr-01,cisco,2,bps,1,440811238.55
2026-04-24T08:00:00+00:00,dev-001,core-rtr-01,cisco,2,bps,1,770135252.76
2026-04-24T09:00:00+00:00,dev-001,core-rtr-01,cisco,2,bps,1,787588738.74
2026-04-24T10:00:00+00:00,dev-001,core-rtr-01,cisco,2,bps,1,857253931.47
2026-04-24T11:00:00+00:00,dev-001,core-rtr-01,cisco,2,bps,1,881413116.48
2026-04-24T12:00:00+00:00,dev-001,core-rtr-01,cisco,2,bps,1,825181890.46
2026-04-24T13:00:00+00:00,dev-001,core-rtr-01,cisco,2,bps,1,822701852.26
2026-04-24T14:00:00+00:00,dev-001,core-rtr-01,cisco,2,bps,1,899006888.23
2026-04-24T15:00:00+00:00,dev-001,core-rtr-01,cisco,2,bps,1,883672241.51
2026-04-24T16:00:00+00:00,dev-001,core-rtr-01,cisco,2,bps,1,753171230.11
2026-04-24T17:00:00+00:00,dev-001,core-rtr-01,cisco,2,bps,1,833348769.24
2026-04-24T18:00:00+00:00,dev-001,core-rtr-01,cisco,2,bps,1,842964095.29
2026-04-24T19:00:00+00:00,dev-001,core-rtr-01,cisco,2,bps,1,751423291.75
2026-04-24T20:00:00+00:00,dev-001,core-rtr-01,cisco,2,bps,1,369354207.62
2026-04-24T21:00:00+00:00,dev-001,core-rtr-01,cisco,2,bps,1,329113566.82
2026-04-24T22:00:00+00:00,dev-001,core-rtr-01,cisco,2,bps,1,394994401.49
2026-04-24T23:00:00+00:00,dev-001,core-rtr-01,cisco,2,bps,1,366938852.85
2026-04-25T00:00:00+00:00,dev-001,core-rtr-01,cisco,2,bps,1,254250523.44
2026-04-25T01:00:00+00:00,dev-001,core-rtr-01,cisco,2,bps,1,237106085.51
2026-04-25T02:00:00+00:00,dev-001,core-rtr-01,cisco,2,bps,1,249011032.44
2026-04-25T03:00:00+00:00,dev-001,core-rtr-01,cisco,2,bps,1,201656793.42
2026-04-25T04:00:00+00:00,dev-001,core-rtr-01,cisco,2,bps,1,223488531.74
2026-04-25T05:00:00+00:00,dev-001,core-rtr-01,cisco,2,bps,1,261143562.94
2026-04-25T06:00:00+00:00,dev-001,core-rtr-01,cisco,2,bps,1,198360110.55
2026-04-25T07:00:00+00:00,dev-001,core-rtr-01,cisco,2,bps,1,273334534.74
2026-04-25T08:00:00+00:00,dev-001,core-rtr-01,cisco,2,bps,1,485329527.25
2026-04-25T09:00:00+00:00,dev-001,core-rtr-01,cisco,2,bps,1,632496223.96
2026-04-25T10:00:00+00:00,dev-001,core-rtr-01,cisco,2,bps,1,538284774.47
2026-04-25T11:00:00+00:00,dev-001,core-rtr-01,cisco,2,bps,1,633804675.76
2026-04-25T12:00:00+00:00,dev-001,core-rtr-01,cisco,2,bps,1,595699931.01
2026-04-25T13:00:00+00:00,dev-001,core-rtr-01,cisco,2,bps,1,497634105.51
2026-04-25T14:00:00+00:00,dev-001,core-rtr-01,cisco,2,bps,1,661449946.47
2026-04-25T15:00:00+00:00,dev-001,core-rtr-01,cisco,2,bps,1,672772380.74
2026-04-25T16:00:00+00:00,dev-001,core-rtr-01,cisco,2,bps,1,584130671.53
2026-04-25T17:00:00+00:00,dev-001,core-rtr-01,cisco,2,bps,1,571893723.2
2026-04-25T18:00:00+00:00,dev-001,core-rtr-01,cisco,2,bps,1,578599822.4
2026-04-25T19:00:00+00:00,dev-001,core-rtr-01,cisco,2,bps,1,530661043.42
2026-04-25T20:00:00+00:00,dev-001,core-rtr-01,cisco,2,bps,1,279684386.35
2026-04-25T21:00:00+00:00,dev-001,core-rtr-01,cisco,2,bps,1,238319123.32
2026-04-25T22:00:00+00:00,dev-001,core-rtr-01,cisco,2,bps,1,250710001.6
2026-04-25T23:00:00+00:00,dev-001,core-rtr-01,cisco,2,bps,1,232008930.64
2026-04-26T00:00:00+00:00,dev-001,core-rtr-01,cisco,2,bps,1,236222957.89
2026-04-26T01:00:00+00:00,dev-001,core-rtr-01,cisco,2,bps,1,219801326.18
2026-04-26T03:00:00+00:00,dev-001,core-rtr-01,cisco,2,bps,1,248116993.16
2026-04-26T04:00:00+00:00,dev-001,core-rtr-01,cisco,2,bps,1,276341224.79
2026-04-26T05:00:00+00:00,dev-001,core-rtr-01,cisco,2,bps,1,252335779.84
2026-04-26T06:00:00+00:00,dev-001,core-rtr-01,cisco,2,bps,1,234501031.1
2026-04-26T07:00:00+00:00,dev-001,core-rtr-01,cisco,2,bps,1,243767531.45
2026-04-26T08:00:00+00:00,dev-001,core-rtr-01,cisco,2,bps,1,555058414.23
2026-04-26T09:00:00+00:00,dev-001,core-rtr-01,cisco,2,bps,1,588467995.03
2026-04-26T10:00:00+00:00,dev-001,core-rtr-01,cisco,2,bps,1,565934309.83
2026-04-26T11:00:00+00:00,dev-001,core-rtr-01,cisco,2,bps,1,570364603.1
2026-04-26T12:00:00+00:00,dev-001,core-rtr-01,cisco,2,bps,1,506939808.57
2026-04-26T13:00:00+00:00,dev-001,core-rtr-01,cisco,2,bps,1,540557459.46
2026-04-26T14:00:00+00:00,dev-001,core-rtr-01,cisco,2,bps,1,685258583.87
2026-04-26T15:00:00+00:00,dev-001,core-rtr-01,cisco,2,bps,1,548531486.88
2026-04-26T16:00:00+00:00,dev-001,core-rtr-01,cisco,2,bps,1,526019285.29
2026-04-26T17:00:00+00:00,dev-001,core-rtr-01,cisco,2,bps,1,607834788.36
2026-04-26T18:00:00+00:00,dev-001,core-rtr-01,cisco,2,bps,1,670747605.33
2026-04-26T19:00:00+00:00,dev-001,core-rtr-01,cisco,2,bps,1,502503371.01
2026-04-26T20:00:00+00:00,dev-001,core-rtr-01,cisco,2,bps,1,246745249.42
2026-04-26T21:00:00+00:00,dev-001,core-rtr-01,cisco,2,bps,1,236072275.64
2026-04-26T22:00:00+00:00,dev-001,core-rtr-01,cisco,2,bps,1,207622309.25
2026-04-26T23:00:00+00:00,dev-001,core-rtr-01,cisco,2,bps,1,270520153.07
2026-04-20T00:00:00+00:00,dev-002,core-rtr-02,cisco,2,bps,1,359156018.93
2026-04-20T01:00:00+00:00,dev-002,CORE-RTR-02,cisco,2,bps,1,362571906.39
2026-04-20T02:00:00+00:00,dev-002,CORE-RTR-02,cisco,2,bps,1,332916786.99
2026-04-20T03:00:00+00:00,dev-002,CORE-RTR-02,cisco,2,bps,1,376372229.87
2026-04-20T04:00:00+00:00,dev-002,CORE-RTR-02,cisco,2,bps,1,340585295.42
2026-04-20T05:00:00+00:00,dev-002,CORE-RTR-02,cisco,2,bps,1,354855484.49
2026-04-20T06:00:00+00:00,dev-002,core-rtr-02,cisco,2,bps,1,320102611.48
2026-04-20T07:00:00+00:00,dev-002,CORE-RTR-02,cisco,2,bps,1,316220300.63
2026-04-20T08:00:00+00:00,dev-002,CORE-RTR-02,cisco,2,bps,1,952184675.85
2026-04-20T09:00:00+00:00,dev-002,CORE-RTR-02,cisco,2,bps,1,797403204.82
2026-04-20T10:00:00+00:00,dev-002,CORE-RTR-02,cisco,2,bps,1,864501149.93
2026-04-20T11:00:00+00:00,dev-002,CORE-RTR-02,cisco,2,bps,1,837161603.48
2026-04-20T12:00:00+00:00,dev-002,core-rtr-02,cisco,2,bps,1,802943802.97
2026-04-20T13:00:00+00:00,dev-002,CORE-RTR-02,cisco,2,bps,1,797331278.49
2026-04-20T14:00:00+00:00,dev-002,CORE-RTR-02,cisco,2,bps,1,892926937.68
2026-04-20T15:00:00+00:00,dev-002,CORE-RTR-02,cisco,2,bps,1,814643121.22
2026-04-20T16:00:00+00:00,dev-002,CORE-RTR-02,cisco,2,bps,1,827278733.55
2026-04-20T17:00:00+00:00,dev-002,CORE-RTR-02,cisco,2,bps,1,841866610.8
2026-04-20T18:00:00+00:00,dev-002,core-rtr-02,cisco,2,bps,1,938826698.9
2026-04-20T19:00:00+00:00,dev-002,CORE-RTR-02,cisco,2,bps,1,897162921.87
2026-04-20T20:00:00+00:00,dev-002,CORE-RTR-02,cisco,2,bps,1,373773609.64
2026-04-20T21:00:00+00:00,dev-002,CORE-RTR-02,cisco,2,bps,1,339711429.84
2026-04-20T22:00:00+00:00,dev-002,CORE-RTR-02,cisco,2,bps,1,310249126.08
2026-04-20T23:00:00+00:00,dev-002,CORE-RTR-02,cisco,2,bps,1,394183077.54
2026-04-21T00:00:00+00:00,dev-002,core-rtr-02,cisco,2,bps,1,394792096.83
2026-04-21T01:00:00+00:00,dev-002,CORE-RTR-02,cisco,2,bps,1,354934497.63
2026-04-21T02:00:00+00:00,dev-002,CORE-RTR-02,cisco,2,bps,1,379507818.3
2026-04-21T03:00:00+00:00,dev-002,CORE-RTR-02,cisco,2,bps,1,388131949.94
2026-04-21T04:00:00+00:00,dev-002,CORE-RTR-02,cisco,2,bps,1,389922640.3
2026-04-21T05:00:00+00:00,dev-002,CORE-RTR-02,cisco,2,bps,1,393169805.04
2026-04-21T06:00:00+00:00,dev-002,core-rtr-02,cisco,2,bps,1,343597764.58
2026-04-21T07:00:00+00:00,dev-002,CORE-RTR-02,cisco,2,bps,1,414539027.38
2026-04-21T08:00:00+00:00,dev-002,CORE-RTR-02,cisco,2,bps,1,735286183.1
2026-04-21T09:00:00+00:00,dev-002,CORE-RTR-02,cisco,2,bps,1,912384738.47
2026-04-21T10:00:00+00:00,dev-002,CORE-RTR-02,cisco,2,bps,1,881490294.64
2026-04-21T11:00:00+00:00,dev-002,CORE-RTR-02,cisco,2,bps,1,913384005.54
2026-04-21T12:00:00+00:00,dev-002,core-rtr-02,cisco,2,bps,1,997836697.8
2026-04-21T13:00:00+00:00,dev-002,CORE-RTR-02,cisco,2,bps,1,964693419.76
2026-04-21T14:00:00+00:00,dev-002,CORE-RTR-02,cisco,2,bps,1,743805139.8
2026-04-21T15:00:00+00:00,dev-002,CORE-RTR-02,cisco,2,bps,1,698151587.26
2026-04-21T16:00:00+00:00,dev-002,CORE-RTR-02,cisco,2,bps,1,908618680.96
2026-04-21T17:00:00+00:00,dev-002,CORE-RTR-02,cisco,2,bps,1,754738957.07
2026-04-21T18:00:00+00:00,dev-002,core-rtr-02,cisco,2,bps,1,838957947.35
2026-04-21T19:00:00+00:00,dev-002,CORE-RTR-02,cisco,2,bps,1,910537108.07
2026-04-21T20:00:00+00:00,dev-002,CORE-RTR-02,cisco,2,bps,1,300823295.36
2026-04-21T21:00:00+00:00,dev-002,CORE-RTR-02,cisco,2,bps,1,284040703.64
2026-04-21T22:00:00+00:00,dev-002,CORE-RTR-02,cisco,2,bps,1,369334764.73
2026-04-21T23:00:00+00:00,dev-002,CORE-RTR-02,cisco,2,bps,1,361597892.03
2026-04-22T00:00:00+00:00,dev-002,core-rtr-02,cisco,2,bps,1,351151089.43
2026-04-22T01:00:00+00:00,dev-002,CORE-RTR-02,cisco,2,bps,1,361387251.5
2026-04-22T02:00:00+00:00,dev-002,CORE-RTR-02,cisco,2,bps,1,329021438.13
2026-04-22T03:00:00+00:00,dev-002,CORE-RTR-02,cisco,2,bps,1,305514201.34
2026-04-22T04:00:00+00:00,dev-002,CORE-RTR-02,cisco,2,bps,1,354000425.37
2026-04-22T05:00:00+00:00,dev-002,CORE-RTR-02,cisco,2,bps,1,325018487.12
2026-04-22T06:00:00+00:00,dev-002,core-rtr-02,cisco,2,bps,1,300834672.39
2026-04-22T07:00:00+00:00,dev-002,CORE-RTR-02,cisco,2,bps,1,378204518.57
2026-04-22T08:00:00+00:00,dev-002,CORE-RTR-02,cisco,2,bps,1,834842515.21
2026-04-22T09:00:00+00:00,dev-002,CORE-RTR-02,cisco,2,bps,1,874148397.08
2026-04-22T10:00:00+00:00,dev-002,CORE-RTR-02,cisco,2,bps,1,756899224.92
2026-04-22T11:00:00+00:00,dev-002,CORE-RTR-02,cisco,2,bps,1,784723061.49
2026-04-22T12:00:00+00:00,dev-002,core-rtr-02,cisco,2,bps,1,756080385.71
2026-04-22T13:00:00+00:00,dev-002,CORE-RTR-02,cisco,2,bps,1,765522083.17
2026-04-22T14:00:00+00:00,dev-002,CORE-RTR-02,cisco,2,bps,1,856414265.09
2026-04-22T15:00:00+00:00,dev-002,CORE-RTR-02,cisco,2,bps,1,774230132.23
2026-04-22T16:00:00+00:00,dev-002,CORE-RTR-02,cisco,2,bps,1,869909568.26
2026-04-22T17:00:00+00:00,dev-002,CORE-RTR-02,cisco,2,bps,1,868539497.74
2026-04-22T18:00:00+00:00,dev-002,core-rtr-02,cisco,2,bps,1,1010113522.9
2026-04-22T19:00:00+00:00,dev-002,CORE-RTR-02,cisco,2,bps,1,723005720.15
2026-04-22T20:00:00+00:00,dev-002,CORE-RTR-02,cisco,2,bps,1,391964485.6
2026-04-22T21:00:00+00:00,dev-002,CORE-RTR-02,cisco,2,bps,1,356778433.37
2026-04-22T22:00:00+00:00,dev-002,CORE-RTR-02,cisco,2,bps,1,359494929.72
2026-04-22T23:00:00+00:00,dev-002,CORE-RTR-02,cisco,2,bps,1,307804902.41
2026-04-23T00:00:00+00:00,dev-002,core-rtr-02,cisco,2,bps,1,343433022.74
2026-04-23T01:00:00+00:00,dev-002,CORE-RTR-02,cisco,2,bps,1,386755101.48
2026-04-23T03:00:00+00:00,dev-002,CORE-RTR-02,cisco,2,bps,1,362917957.33
2026-04-23T04:00:00+00:00,dev-002,CORE-RTR-02,cisco,2,bps,1,349534199.5
2026-04-23T05:00:00+00:00,dev-002,CORE-RTR-02,cisco,2,bps,1,401564510.89
2026-04-23T06:00:00+00:00,dev-002,core-rtr-02,cisco,2,bps,1,359226987.59
2026-04-23T07:00:00+00:00,dev-002,CORE-RTR-02,cisco,2,bps,1,280785035.79
2026-04-23T08:00:00+00:00,dev-002,CORE-RTR-02,cisco,2,bps,1,781865905.76
2026-04-23T09:00:00+00:00,dev-002,CORE-RTR-02,cisco,2,bps,1,674621085.01
2026-04-23T10:00:00+00:00,dev-002,CORE-RTR-02,cisco,2,bps,1,566879173.1
2026-04-23T11:00:00+00:00,dev-002,CORE-RTR-02,cisco,2,bps,1,795470310.62
2026-04-23T12:00:00+00:00,dev-002,core-rtr-02,cisco,2,bps,1,952019027.41
2026-04-23T13:00:00+00:00,dev-002,CORE-RTR-02,cisco,2,bps,1,843958072.11
2026-04-23T14:00:00+00:00,dev-002,CORE-RTR-02,cisco,2,bps,1,741506160.58
2026-04-23T15:00:00+00:00,dev-002,CORE-RTR-02,cisco,2,bps,1,760981211.07
2026-04-23T16:00:00+00:00,dev-002,CORE-RTR-02,cisco,2,bps,1,934971511.34
2026-04-23T17:00:00+00:00,dev-002,CORE-RTR-02,cisco,2,bps,1,853240636.37
2026-04-23T18:00:00+00:00,dev-002,core-rtr-02,cisco,2,bps,1,844031936.29
2026-04-23T19:00:00+00:00,dev-002,CORE-RTR-02,cisco,2,bps,1,835509209.74
2026-04-23T20:00:00+00:00,dev-002,CORE-RTR-02,cisco,2,bps,1,361382409.42
2026-04-23T21:00:00+00:00,dev-002,CORE-RTR-02,cisco,2,bps,1,388994603.29
2026-04-23T22:00:00+00:00,dev-002,CORE-RTR-02,cisco,2,bps,1,379892422.7
2026-04-23T23:00:00+00:00,dev-002,CORE-RTR-02,cisco,2,bps,1,367765369.2
2026-04-24T00:00:00+00:00,dev-002,core-rtr-02,cisco,2,bps,1,322456739.13
2026-04-24T01:00:00+00:00,dev-002,CORE-RTR-02,cisco,2,bps,1,378399915.54
2026-04-24T02:00:00+00:00,dev-002,CORE-RTR-02,cisco,2,bps,1,335367105.19
2026-04-24T03:00:00+00:00,dev-002,CORE-RTR-02,cisco,2,bps,1,399378444.33
2026-04-24T04:00:00+00:00,dev-002,CORE-RTR-02,cisco,2,bps,1,314242170.42
2026-04-24T05:00:00+00:00,dev-002,CORE-RTR-02,cisco,2,bps,1,355045644.85
2026-04-24T06:00:00+00:00,dev-002,core-rtr-02,cisco,2,bps,1,359735101.69
2026-04-24T07:00:00+00:00,dev-002,CORE-RTR-02,cisco,2,bps,1,312312760.18
2026-04-24T08:00:00+00:00,dev-002,CORE-RTR-02,cisco,2,bps,1,984645618.08
2026-04-24T09:00:00+00:00,dev-002,CORE-RTR-02,cisco,2,bps,1,962674168.45
2026-04-24T10:00:00+00:00,dev-002,CORE-RTR-02,cisco,2,bps,1,801058964.02
2026-04-24T11:00:00+00:00,dev-002,CORE-RTR-02,cisco,2,bps,1,904824577.91
2026-04-24T12:00:00+00:00,dev-002,core-rtr-02,cisco,2,bps,1,871808789.85
2026-04-24T13:00:00+00:00,dev-002,CORE-RTR-02,cisco,2,bps,1,620461005.08
2026-04-24T14:00:00+00:00,dev-002,CORE-RTR-02,cisco,2,bps,1,861033433.37
2026-04-24T15:00:00+00:00,dev-002,CORE-RTR-02,cisco,2,bps,1,834847097.29
2026-04-24T16:00:00+00:00,dev-002,CORE-RTR-02,cisco,2,bps,1,846990257.69
2026-04-24T17:00:00+00:00,dev-002,CORE-RTR-02,cisco,2,bps,1,749542506.73
2026-04-24T18:00:00+00:00,dev-002,core-rtr-02,cisco,2,bps,1,817374848.12
2026-04-24T19:00:00+00:00,dev-002,CORE-RTR-02,cisco,2,bps,1,825026263.88
2026-04-24T20:00:00+00:00,dev-002,CORE-RTR-02,cisco,2,bps,1,402771391.82
2026-04-24T21:00:00+00:00,dev-002,CORE-RTR-02,cisco,2,bps,1,372039374.17
2026-04-24T22:00:00+00:00,dev-002,CORE-RTR-02,cisco,2,bps,1,359800018.91
2026-04-24T23:00:00+00:00,dev-002,CORE-RTR-02,cisco,2,bps,1,415042919.92
2026-04-25T00:00:00+00:00,dev-002,core-rtr-02,cisco,2,bps,1,238007752.17
2026-04-25T01:00:00+00:00,dev-002,CORE-RTR-02,cisco,2,bps,1,242186356.32
2026-04-25T02:00:00+00:00,dev-002,CORE-RTR-02,cisco,2,bps,1,206217773.71
2026-04-25T03:00:00+00:00,dev-002,CORE-RTR-02,cisco,2,bps,1,291541467.33
2026-04-25T04:00:00+00:00,dev-002,CORE-RTR-02,cisco,2,bps,1,276301175.68
2026-04-25T05:00:00+00:00,dev-002,CORE-RTR-02,cisco,2,bps,1,275104570.72
2026-04-25T06:00:00+00:00,dev-002,core-rtr-02,cisco,2,bps,1,268856240.85
2026-04-25T07:00:00+00:00,dev-002,CORE-RTR-02,cisco,2,bps,1,254775744.41
2026-04-25T08:00:00+00:00,dev-002,CORE-RTR-02,cisco,2,bps,1,600670749.62
2026-04-25T09:00:00+00:00,dev-002,CORE-RTR-02,cisco,2,bps,1,573182012.49
2026-04-25T10:00:00+00:00,dev-002,CORE-RTR-02,cisco,2,bps,1,576028294.97
2026-04-25T11:00:00+00:00,dev-002,CORE-RTR-02,cisco,2,bps,1,591193052.37
2026-04-25T12:00:00+00:00,dev-002,core-rtr-02,cisco,2,bps,1,676895575.28
2026-04-25T13:00:00+00:00,dev-002,CORE-RTR-02,cisco,2,bps,1,620674448.63
2026-04-25T14:00:00+00:00,dev-002,CORE-RTR-02,cisco,2,bps,1,584562544.61
2026-04-25T15:00:00+00:00,dev-002,CORE-RTR-02,cisco,2,bps,1,553931747.43
2026-04-25T16:00:00+00:00,dev-002,CORE-RTR-02,cisco,2,bps,1,550662088.94
2026-04-25T17:00:00+00:00,dev-002,CORE-RTR-02,cisco,2,bps,1,682239054.66
2026-04-25T18:00:00+00:00,dev-002,core-rtr-02,cisco,2,bps,1,617793213.49
2026-04-25T19:00:00+00:00,dev-002,CORE-RTR-02,cisco,2,bps,1,591971972.83
2026-04-25T20:00:00+00:00,dev-002,CORE-RTR-02,cisco,2,bps,1,243276217.58
2026-04-25T21:00:00+00:00,dev-002,CORE-RTR-02,cisco,2,bps,1,224051854.03
2026-04-25T22:00:00+00:00,dev-002,CORE-RTR-02,cisco,2,bps,1,250315088.75
2026-04-25T23:00:00+00:00,dev-002,CORE-RTR-02,cisco,2,bps,1,274016182.47
2026-04-26T00:00:00+00:00,dev-002,core-rtr-02,cisco,2,bps,1,242108061.38
2026-04-26T01:00:00+00:00,dev-002,CORE-RTR-02,cisco,2,bps,1,246273486.91
2026-04-26T03:00:00+00:00,dev-002,CORE-RTR-02,cisco,2,bps,1,254761778.07
2026-04-26T04:00:00+00:00,dev-002,CORE-RTR-02,cisco,2,bps,1,211856125.86
2026-04-26T05:00:00+00:00,dev-002,CORE-RTR-02,cisco,2,bps,1,246067961.53
2026-04-26T06:00:00+00:00,dev-002,core-rtr-02,cisco,2,bps,1,230469232.94
2026-04-26T07:00:00+00:00,dev-002,CORE-RTR-02,cisco,2,bps,1,274291542.82
2026-04-26T08:00:00+00:00,dev-002,CORE-RTR-02,cisco,2,bps,1,542688797.82
2026-04-26T09:00:00+00:00,dev-002,CORE-RTR-02,cisco,2,bps,1,621930348.74
2026-04-26T10:00:00+00:00,dev-002,CORE-RTR-02,cisco,2,bps,1,677636922.22
2026-04-26T11:00:00+00:00,dev-002,CORE-RTR-02,cisco,2,bps,1,569560539.84
2026-04-26T12:00:00+00:00,dev-002,core-rtr-02,cisco,2,bps,1,552627316.38
2026-04-26T13:00:00+00:00,dev-002,CORE-RTR-02,cisco,2,bps,1,599256216.84
2026-04-26T14:00:00+00:00,dev-002,CORE-RTR-02,cisco,2,bps,1,587880693.18
2026-04-26T15:00:00+00:00,dev-002,CORE-RTR-02,cisco,2,bps,1,529575358.78
2026-04-26T16:00:00+00:00,dev-002,CORE-RTR-02,cisco,2,bps,1,615102061.64
2026-04-26T17:00:00+00:00,dev-002,CORE-RTR-02,cisco,2,bps,1,706512343.94
2026-04-26T18:00:00+00:00,dev-002,core-rtr-02,cisco,2,bps,1,572823014.68
2026-04-26T19:00:00+00:00,dev-002,CORE-RTR-02,cisco,2,bps,1,576070879.67
2026-04-26T20:00:00+00:00,dev-002,CORE-RTR-02,cisco,2,bps,1,225667713.01
2026-04-26T21:00:00+00:00,dev-002,CORE-RTR-02,cisco,2,bps,1,260041028.98
2026-04-26T22:00:00+00:00,dev-002,CORE-RTR-02,cisco,2,bps,1,220576199.14
2026-04-26T23:00:00+00:00,dev-002,CORE-RTR-02,cisco,2,bps,1,224105338.19
2026-04-20T00:00:00+00:00,dev-003,core-rtr-03.example.com,cisco,2,bps,1000,406068.02
2026-04-20T01:00:00+00:00,dev-003,core-rtr-03.example.com,cisco,2,bps,1000,327403.69
2026-04-20T02:00:00+00:00,dev-003,core-rtr-03.example.com,cisco,2,bps,1000,398928.87
2026-04-20T03:00:00+00:00,dev-003,core-rtr-03.example.com,cisco,2,bps,1000,414876.89
2026-04-20T04:00:00+00:00,dev-003,core-rtr-03.example.com,cisco,2,bps,1000,369335.75
2026-04-20T05:00:00+00:00,dev-003,core-rtr-03.example.com,cisco,2,bps,1000,379922.09
2026-04-20T06:00:00+00:00,dev-003,core-rtr-03.example.com,cisco,2,bps,1000,430281.03
2026-04-20T07:00:00+00:00,dev-003,core-rtr-03.example.com,cisco,2,bps,1000,352917.78
2026-04-20T08:00:00+00:00,dev-003,core-rtr-03.example.com,cisco,2,bps,1000,790187.51
2026-04-20T09:00:00+00:00,dev-003,core-rtr-03.example.com,cisco,2,bps,1000,726328.59
2026-04-20T10:00:00+00:00,dev-003,core-rtr-03.example.com,cisco,2,bps,1000,843503.39
2026-04-20T11:00:00+00:00,dev-003,core-rtr-03.example.com,cisco,2,bps,1000,964248.11
2026-04-20T12:00:00+00:00,dev-003,core-rtr-03.example.com,cisco,2,bps,1000,920606.01
2026-04-20T13:00:00+00:00,dev-003,core-rtr-03.example.com,cisco,2,bps,1000,760864.34
2026-04-20T14:00:00+00:00,dev-003,core-rtr-03.example.com,cisco,2,bps,1000,768148.47
2026-04-20T15:00:00+00:00,dev-003,core-rtr-03.example.com,cisco,2,bps,1000,797649.62
2026-04-20T16:00:00+00:00,dev-003,core-rtr-03.example.com,cisco,2,bps,1000,864550.52
2026-04-20T17:00:00+00:00,dev-003,core-rtr-03.example.com,cisco,2,bps,1000,822753.84
2026-04-20T18:00:00+00:00,dev-003,core-rtr-03.example.com,cisco,2,bps,1000,858014.13
2026-04-20T19:00:00+00:00,dev-003,core-rtr-03.example.com,cisco,2,bps,1000,864926.11
2026-04-20T20:00:00+00:00,dev-003,core-rtr-03.example.com,cisco,2,bps,1000,349244.15
2026-04-20T21:00:00+00:00,dev-003,core-rtr-03.example.com,cisco,2,bps,1000,358553.74
2026-04-20T22:00:00+00:00,dev-003,core-rtr-03.example.com,cisco,2,bps,1000,367437.33
2026-04-20T23:00:00+00:00,dev-003,core-rtr-03.example.com,cisco,2,bps,1000,356977.09
2026-04-21T00:00:00+00:00,dev-003,core-rtr-03.example.com,cisco,2,bps,1000,378126.75
2026-04-21T01:00:00+00:00,dev-003,core-rtr-03.example.com,cisco,2,bps,1000,427351.53
2026-04-21T02:00:00+00:00,dev-003,core-rtr-03.example.com,cisco,2,bps,1000,381311.0
2026-04-21T03:00:00+00:00,dev-003,core-rtr-03.example.com,cisco,2,bps,1000,362009.18
2026-04-21T04:00:00+00:00,dev-003,core-rtr-03.example.com,cisco,2,bps,1000,299299.73
2026-04-21T05:00:00+00:00,dev-003,core-rtr-03.example.com,cisco,2,bps,1000,373966.46
2026-04-21T06:00:00+00:00,dev-003,core-rtr-03.example.com,cisco,2,bps,1000,289919.58
2026-04-21T07:00:00+00:00,dev-003,core-rtr-03.example.com,cisco,2,bps,1000,309274.77
2026-04-21T08:00:00+00:00,dev-003,core-rtr-03.example.com,cisco,2,bps,1000,911789.7
2026-04-21T09:00:00+00:00,dev-003,core-rtr-03.example.com,cisco,2,bps,1000,899323.75
2026-04-21T10:00:00+00:00,dev-003,core-rtr-03.example.com,cisco,2,bps,1000,827405.12
2026-04-21T11:00:00+00:00,dev-003,core-rtr-03.example.com,cisco,2,bps,1000,696359.07
2026-04-21T12:00:00+00:00,dev-003,core-rtr-03.example.com,cisco,2,bps,1000,808806.72
2026-04-21T13:00:00+00:00,dev-003,core-rtr-03.example.com,cisco,2,bps,1000,782985.98
2026-04-21T14:00:00+00:00,dev-003,core-rtr-03.example.com,cisco,2,bps,1000,893494.62
2026-04-21T15:00:00+00:00,dev-003,core-rtr-03.example.com,cisco,2,bps,1000,1029649.36
2026-04-21T16:00:00+00:00,dev-003,core-rtr-03.example.com,cisco,2,bps,1000,858222.16
2026-04-21T17:00:00+00:00,dev-003,core-rtr-03.example.com,cisco,2,bps,1000,774537.87
2026-04-21T18:00:00+00:00,dev-003,core-rtr-03.example.com,cisco,2,bps,1000,741673.67
2026-04-21T19:00:00+00:00,dev-003,core-rtr-03.example.com,cisco,2,bps,1000,835288.08
2026-04-21T20:00:00+00:00,dev-003,core-rtr-03.example.com,cisco,2,bps,1000,353635.45
2026-04-21T21:00:00+00:00,dev-003,core-rtr-03.example.com,cisco,2,bps,1000,318545.31
2026-04-21T22:00:00+00:00,dev-003,core-rtr-03.example.com,cisco,2,bps,1000,364188.79
2026-04-21T23:00:00+00:00,dev-003,core-rtr-03.example.com,cisco,2,bps,1000,318567.11
2026-04-22T00:00:00+00:00,dev-003,core-rtr-03.example.com,cisco,2,bps,1000,400035.86
2026-04-22T01:00:00+00:00,dev-003,core-rtr-03.example.com,cisco,2,bps,1000,398255.42
2026-04-22T02:00:00+00:00,dev-003,core-rtr-03.example.com,cisco,2,bps,1000,399051.05
2026-04-22T03:00:00+00:00,dev-003,core-rtr-03.example.com,cisco,2,bps,1000,342934.18
2026-04-22T04:00:00+00:00,dev-003,core-rtr-03.example.com,cisco,2,bps,1000,378522.74
2026-04-22T05:00:00+00:00,dev-003,core-rtr-03.example.com,cisco,2,bps,1000,355245.5
2026-04-22T06:00:00+00:00,dev-003,core-rtr-03.example.com,cisco,2,bps,1000,346002.77
2026-04-22T07:00:00+00:00,dev-003,core-rtr-03.example.com,cisco,2,bps,1000,347790.76
2026-04-22T08:00:00+00:00,dev-003,core-rtr-03.example.com,cisco,2,bps,1000,730823.92
2026-04-22T09:00:00+00:00,dev-003,core-rtr-03.example.com,cisco,2,bps,1000,718715.45
2026-04-22T10:00:00+00:00,dev-003,core-rtr-03.example.com,cisco,2,bps,1000,906722.44
2026-04-22T11:00:00+00:00,dev-003,core-rtr-03.example.com,cisco,2,bps,1000,823936.23
2026-04-22T12:00:00+00:00,dev-003,core-rtr-03.example.com,cisco,2,bps,1000,858179.69
2026-04-22T13:00:00+00:00,dev-003,core-rtr-03.example.com,cisco,2,bps,1000,924143.67
2026-04-22T14:00:00+00:00,dev-003,core-rtr-03.example.com,cisco,2,bps,1000,694416.87
2026-04-22T15:00:00+00:00,dev-003,core-rtr-03.example.com,cisco,2,bps,1000,774133.07
2026-04-22T16:00:00+00:00,dev-003,core-rtr-03.example.com,cisco,2,bps,1000,854728.13
2026-04-22T17:00:00+00:00,dev-003,core-rtr-03.example.com,cisco,2,bps,1000,872935.96
2026-04-22T18:00:00+00:00,dev-003,core-rtr-03.example.com,cisco,2,bps,1000,808325.75
2026-04-22T19:00:00+00:00,dev-003,core-rtr-03.example.com,cisco,2,bps,1000,926451.06
2026-04-22T20:00:00+00:00,dev-003,core-rtr-03.example.com,cisco,2,bps,1000,367574.22
2026-04-22T21:00:00+00:00,dev-003,core-rtr-03.example.com,cisco,2,bps,1000,316318.24
2026-04-22T22:00:00+00:00,dev-003,core-rtr-03.example.com,cisco,2,bps,1000,326492.5
2026-04-22T23:00:00+00:00,dev-003,core-rtr-03.example.com,cisco,2,bps,1000,388996.96
2026-04-23T00:00:00+00:00,dev-003,core-rtr-03.example.com,cisco,2,bps,1000,376697.93
2026-04-23T01:00:00+00:00,dev-003,core-rtr-03.example.com,cisco,2,bps,1000,291633.8
2026-04-23T03:00:00+00:00,dev-003,core-rtr-03.example.com,cisco,2,bps,1000,381528.97
2026-04-23T04:00:00+00:00,dev-003,core-rtr-03.example.com,cisco,2,bps,1000,408360.35
2026-04-23T05:00:00+00:00,dev-003,core-rtr-03.example.com,cisco,2,bps,1000,346186.77
2026-04-23T06:00:00+00:00,dev-003,core-rtr-03.example.com,cisco,2,bps,1000,349354.58
2026-04-23T07:00:00+00:00,dev-003,core-rtr-03.example.com,cisco,2,bps,1000,319447.54
2026-04-23T08:00:00+00:00,dev-003,core-rtr-03.example.com,cisco,2,bps,1000,1053102.08
2026-04-23T09:00:00+00:00,dev-003,core-rtr-03.example.com,cisco,2,bps,1000,825261.85
2026-04-23T10:00:00+00:00,dev-003,core-rtr-03.example.com,cisco,2,bps,1000,973352.79
2026-04-23T11:00:00+00:00,dev-003,core-rtr-03.example.com,cisco,2,bps,1000,785627.43
2026-04-23T12:00:00+00:00,dev-003,core-rtr-03.example.com,cisco,2,bps,1000,853762.66
2026-04-23T13:00:00+00:00,dev-003,core-rtr-03.example.com,cisco,2,bps,1000,699606.39
2026-04-23T14:00:00+00:00,dev-003,core-rtr-03.example.com,cisco,2,bps,1000,807839.16
2026-04-23T15:00:00+00:00,dev-003,core-rtr-03.example.com,cisco,2,bps,1000,922635.41
2026-04-23T16:00:00+00:00,dev-003,core-rtr-03.example.com,cisco,2,bps,1000,734853.52
2026-04-23T17:00:00+00:00,dev-003,core-rtr-03.example.com,cisco,2,bps,1000,930067.11
2026-04-23T18:00:00+00:00,dev-003,core-rtr-03.example.com,cisco,2,bps,1000,868327.98
2026-04-23T19:00:00+00:00,dev-003,core-rtr-03.example.com,cisco,2,bps,1000,752308.12
2026-04-23T20:00:00+00:00,dev-003,core-rtr-03.example.com,cisco,2,bps,1000,341942.5
2026-04-23T21:00:00+00:00,dev-003,core-rtr-03.example.com,cisco,2,bps,1000,343473.64
2026-04-23T22:00:00+00:00,dev-003,core-rtr-03.example.com,cisco,2,bps,1000,358217.3
2026-04-23T23:00:00+00:00,dev-003,core-rtr-03.example.com,cisco,2,bps,1000,340698.82
2026-04-24T00:00:00+00:00,dev-003,core-rtr-03.example.com,cisco,2,bps,1000,330217.64
2026-04-24T01:00:00+00:00,dev-003,core-rtr-03.example.com,cisco,2,bps,1000,349034.84
2026-04-24T02:00:00+00:00,dev-003,core-rtr-03.example.com,cisco,2,bps,1000,323031.97
2026-04-24T03:00:00+00:00,dev-003,core-rtr-03.example.com,cisco,2,bps,1000,313577.04
2026-04-24T04:00:00+00:00,dev-003,core-rtr-03.example.com,cisco,2,bps,1000,358265.65
2026-04-24T05:00:00+00:00,dev-003,core-rtr-03.example.com,cisco,2,bps,1000,391783.47
2026-04-24T06:00:00+00:00,dev-003,core-rtr-03.example.com,cisco,2,bps,1000,304942.62
2026-04-24T07:00:00+00:00,dev-003,core-rtr-03.example.com,cisco,2,bps,1000,360126.29
2026-04-24T08:00:00+00:00,dev-003,core-rtr-03.example.com,cisco,2,bps,1000,785403.68
2026-04-24T09:00:00+00:00,dev-003,core-rtr-03.example.com,cisco,2,bps,1000,757919.78
2026-04-24T10:00:00+00:00,dev-003,core-rtr-03.example.com,cisco,2,bps,1000,911688.76
2026-04-24T11:00:00+00:00,dev-003,core-rtr-03.example.com,cisco,2,bps,1000,796473.75
2026-04-24T12:00:00+00:00,dev-003,core-rtr-03.example.com,cisco,2,bps,1000,965857.34
2026-04-24T13:00:00+00:00,dev-003,core-rtr-03.example.com,cisco,2,bps,1000,774493.49
2026-04-24T14:00:00+00:00,dev-003,core-rtr-03.example.com,cisco,2,bps,1000,872466.17
2026-04-24T15:00:00+00:00,dev-003,core-rtr-03.example.com,cisco,2,bps,1000,820908.23
2026-04-24T16:00:00+00:00,dev-003,core-rtr-03.example.com,cisco,2,bps,1000,776662.17
2026-04-24T17:00:00+00:00,dev-003,core-rtr-03.example.com,cisco,2,bps,1000,889364.7
2026-04-24T18:00:00+00:00,dev-003,core-rtr-03.example.com,cisco,2,bps,1000,826981.46
2026-04-24T19:00:00+00:00,dev-003,core-rtr-03.example.com,cisco,2,bps,1000,890669.69
2026-04-24T20:00:00+00:00,dev-003,core-rtr-03.example.com,cisco,2,bps,1000,358297.51
2026-04-24T21:00:00+00:00,dev-003,core-rtr-03.example.com,cisco,2,bps,1000,320910.61
2026-04-24T22:00:00+00:00,dev-003,core-rtr-03.example.com,cisco,2,bps,1000,356325.51
2026-04-24T23:00:00+00:00,dev-003,core-rtr-03.example.com,cisco,2,bps,1000,361870.39
2026-04-25T00:00:00+00:00,dev-003,core-rtr-03.example.com,cisco,2,bps,1000,276153.27
2026-04-25T01:00:00+00:00,dev-003,core-rtr-03.example.com,cisco,2,bps,1000,229162.02
2026-04-25T02:00:00+00:00,dev-003,core-rtr-03.example.com,cisco,2,bps,1000,251008.89
2026-04-25T03:00:00+00:00,dev-003,core-rtr-03.example.com,cisco,2,bps,1000,208608.66
2026-04-25T04:00:00+00:00,dev-003,core-rtr-03.example.com,cisco,2,bps,1000,268417.63
2026-04-25T05:00:00+00:00,dev-003,core-rtr-03.example.com,cisco,2,bps,1000,224746.63
2026-04-25T06:00:00+00:00,dev-003,core-rtr-03.example.com,cisco,2,bps,1000,206479.74
2026-04-25T07:00:00+00:00,dev-003,core-rtr-03.example.com,cisco,2,bps,1000,250507.74
2026-04-25T08:00:00+00:00,dev-003,core-rtr-03.example.com,cisco,2,bps,1000,653014.28
2026-04-25T09:00:00+00:00,dev-003,core-rtr-03.example.com,cisco,2,bps,1000,498362.52
2026-04-25T10:00:00+00:00,dev-003,core-rtr-03.example.com,cisco,2,bps,1000,524023.51
2026-04-25T11:00:00+00:00,dev-003,core-rtr-03.example.com,cisco,2,bps,1000,544295.44
2026-04-25T12:00:00+00:00,dev-003,core-rtr-03.example.com,cisco,2,bps,1000,521585.6
2026-04-25T13:00:00+00:00,dev-003,core-rtr-03.example.com,cisco,2,bps,1000,610310.36
2026-04-25T14:00:00+00:00,dev-003,core-rtr-03.example.com,cisco,2,bps,1000,540526.79
2026-04-25T15:00:00+00:00,dev-003,core-rtr-03.example.com,cisco,2,bps,1000,545574.93
2026-04-25T16:00:00+00:00,dev-003,core-rtr-03.example.com,cisco,2,bps,1000,622298.36
2026-04-25T17:00:00+00:00,dev-003,core-rtr-03.example.com,cisco,2,bps,1000,543575.74
2026-04-25T18:00:00+00:00,dev-003,core-rtr-03.example.com,cisco,2,bps,1000,613447.47
2026-04-25T19:00:00+00:00,dev-003,core-rtr-03.example.com,cisco,2,bps,1000,530882.55
2026-04-25T20:00:00+00:00,dev-003,core-rtr-03.example.com,cisco,2,bps,1000,221454.11
2026-04-25T21:00:00+00:00,dev-003,core-rtr-03.example.com,cisco,2,bps,1000,205746.68
2026-04-25T22:00:00+00:00,dev-003,core-rtr-03.example.com,cisco,2,bps,1000,298902.31
2026-04-25T23:00:00+00:00,dev-003,core-rtr-03.example.com,cisco,2,bps,1000,243929.47
2026-04-26T00:00:00+00:00,dev-003,core-rtr-03.example.com,cisco,2,bps,1000,258147.12
2026-04-26T01:00:00+00:00,dev-003,core-rtr-03.example.com,cisco,2,bps,1000,251217.55
2026-04-26T03:00:00+00:00,dev-003,core-rtr-03.example.com,cisco,2,bps,1000,253252.1
2026-04-26T04:00:00+00:00,dev-003,core-rtr-03.example.com,cisco,2,bps,1000,300087.07
2026-04-26T05:00:00+00:00,dev-003,core-rtr-03.example.com,cisco,2,bps,1000,225819.05
2026-04-26T06:00:00+00:00,dev-003,core-rtr-03.example.com,cisco,2,bps,1000,212751.95
2026-04-26T07:00:00+00:00,dev-003,core-rtr-03.example.com,cisco,2,bps,1000,226498.62
2026-04-26T08:00:00+00:00,dev-003,core-rtr-03.example.com,cisco,2,bps,1000,509519.11
2026-04-26T09:00:00+00:00,dev-003,core-rtr-03.example.com,cisco,2,bps,1000,631921.37
2026-04-26T10:00:00+00:00,dev-003,core-rtr-03.example.com,cisco,2,bps,1000,636238.24
2026-04-26T11:00:00+00:00,dev-003,core-rtr-03.example.com,cisco,2,bps,1000,531474.65
2026-04-26T12:00:00+00:00,dev-003,core-rtr-03.example.com,cisco,2,bps,1000,506242.38
2026-04-26T13:00:00+00:00,dev-003,core-rtr-03.example.com,cisco,2,bps,1000,567137.96
2026-04-26T14:00:00+00:00,dev-003,core-rtr-03.example.com,cisco,2,bps,1000,669798.08
2026-04-26T15:00:00+00:00,dev-003,core-rtr-03.example.com,cisco,2,bps,1000,422209.32
2026-04-26T16:00:00+00:00,dev-003,core-rtr-03.example.com,cisco,2,bps,1000,618965.65
2026-04-26T17:00:00+00:00,dev-003,core-rtr-03.example.com,cisco,2,bps,1000,524745.59
2026-04-26T18:00:00+00:00,dev-003,core-rtr-03.example.com,cisco,2,bps,1000,649173.59
2026-04-26T19:00:00+00:00,dev-003,core-rtr-03.example.com,cisco,2,bps,1000,524618.07
2026-04-26T20:00:00+00:00,dev-003,core-rtr-03.example.com,cisco,2,bps,1000,244807.52
2026-04-26T21:00:00+00:00,dev-003,core-rtr-03.example.com,cisco,2,bps,1000,214041.77
2026-04-26T22:00:00+00:00,dev-003,core-rtr-03.example.com,cisco,2,bps,1000,227373.1
2026-04-26T23:00:00+00:00,dev-003,core-rtr-03.example.com,cisco,2,bps,1000,286923.15
2026-04-20T00:00:00+00:00,dev-004,edge-rtr-01,juniper,515,kbps,1,129846.94
2026-04-20T01:00:00+00:00,dev-004,edge-rtr-01,juniper,515,kbps,1,115179.98
2026-04-20T02:00:00+00:00,dev-004,edge-rtr-01,juniper,515,kbps,1,109557.93
2026-04-20T03:00:00+00:00,dev-004,edge-rtr-01,juniper,515,kbps,1,97274.31
2026-04-20T04:00:00+00:00,dev-004,edge-rtr-01,juniper,515,kbps,1,115276.12
2026-04-20T05:00:00+00:00,dev-004,edge-rtr-01,juniper,515,kbps,1,119629.16
2026-04-20T06:00:00+00:00,dev-004,edge-rtr-01,juniper,515,kbps,1,118991.35
2026-04-20T07:00:00+00:00,dev-004,edge-rtr-01,juniper,515,kbps,1,118874.5
2026-04-20T08:00:00+00:00,dev-004,edge-rtr-01,juniper,515,kbps,1,248589.33
2026-04-20T09:00:00+00:00,dev-004,edge-rtr-01,juniper,515,kbps,1,278144.33
2026-04-20T10:00:00+00:00,dev-004,edge-rtr-01,juniper,515,kbps,1,278917.15
2026-04-20T11:00:00+00:00,dev-004,edge-rtr-01,juniper,515,kbps,1,316135.74
2026-04-20T12:00:00+00:00,dev-004,edge-rtr-01,juniper,515,kbps,1,332268.54
2026-04-20T13:00:00+00:00,dev-004,edge-rtr-01,juniper,515,kbps,1,276164.31
2026-04-20T14:00:00+00:00,dev-004,edge-rtr-01,juniper,515,kbps,1,258543.43
2026-04-20T15:00:00+00:00,dev-004,edge-rtr-01,juniper,515,kbps,1,278180.5
2026-04-20T16:00:00+00:00,dev-004,edge-rtr-01,juniper,515,kbps,1,262986.6
2026-04-20T17:00:00+00:00,dev-004,edge-rtr-01,juniper,515,kbps,1,259211.85
2026-04-20T18:00:00+00:00,dev-004,edge-rtr-01,juniper,515,kbps,1,278357.8
2026-04-20T19:00:00+00:00,dev-004,edge-rtr-01,juniper,515,kbps,1,250787.48
2026-04-20T20:00:00+00:00,dev-004,edge-rtr-01,juniper,515,kbps,1,127273.28
2026-04-20T21:00:00+00:00,dev-004,edge-rtr-01,juniper,515,kbps,1,118753.01
2026-04-20T22:00:00+00:00,dev-004,edge-rtr-01,juniper,515,kbps,1,123000.1
2026-04-20T23:00:00+00:00,dev-004,edge-rtr-01,juniper,515,kbps,1,117804.72
2026-04-21T00:00:00+00:00,dev-004,edge-rtr-01,juniper,515,kbps,1,111272.95
2026-04-21T01:00:00+00:00,dev-004,edge-rtr-01,juniper,515,kbps,1,108624.49
2026-04-21T02:00:00+00:00,dev-004,edge-rtr-01,juniper,515,kbps,1,117152.69
2026-04-21T03:00:00+00:00,dev-004,edge-rtr-01,juniper,515,kbps,1,113414.88
2026-04-21T04:00:00+00:00,dev-004,edge-rtr-01,juniper,515,kbps,1,122806.82
2026-04-21T05:00:00+00:00,dev-004,edge-rtr-01,juniper,515,kbps,1,119946.82
2026-04-21T06:00:00+00:00,dev-004,edge-rtr-01,juniper,515,kbps,1,103652.32
2026-04-21T07:00:00+00:00,dev-004,edge-rtr-01,juniper,515,kbps,1,120805.46
2026-04-21T08:00:00+00:00,dev-004,edge-rtr-01,juniper,515,kbps,1,242399.91
2026-04-21T09:00:00+00:00,dev-004,edge-rtr-01,juniper,515,kbps,1,262738.63
2026-04-21T10:00:00+00:00,dev-004,edge-rtr-01,juniper,515,kbps,1,271758.1
2026-04-21T11:00:00+00:00,dev-004,edge-rtr-01,juniper,515,kbps,1,221892.35
2026-04-21T12:00:00+00:00,dev-004,edge-rtr-01,juniper,515,kbps,1,282562.21
2026-04-21T13:00:00+00:00,dev-004,edge-rtr-01,juniper,515,kbps,1,284227.53
2026-04-21T14:00:00+00:00,dev-004,edge-rtr-01,juniper,515,kbps,1,275575.32
2026-04-21T15:00:00+00:00,dev-004,edge-rtr-01,juniper,515,kbps,1,268119.12
2026-04-21T16:00:00+00:00,dev-004,edge-rtr-01,juniper,515,kbps,1,269539.1
2026-04-21T17:00:00+00:00,dev-004,edge-rtr-01,juniper,515,kbps,1,252656.89
2026-04-21T18:00:00+00:00,dev-004,edge-rtr-01,juniper,515,kbps,1,272448.39
2026-04-21T19:00:00+00:00,dev-004,edge-rtr-01,juniper,515,kbps,1,264526.87
2026-04-21T20:00:00+00:00,dev-004,edge-rtr-01,juniper,515,kbps,1,121100.22
2026-04-21T21:00:00+00:00,dev-004,edge-rtr-01,juniper,515,kbps,1,105550.37
2026-04-21T22:00:00+00:00,dev-004,edge-rtr-01,juniper,515,kbps,1,122827.08
2026-04-21T23:00:00+00:00,dev-004,edge-rtr-01,juniper,515,kbps,1,121718.63
2026-04-22T00:00:00+00:00,dev-004,edge-rtr-01,juniper,515,kbps,1,118301.25
2026-04-22T01:00:00+00:00,dev-004,edge-rtr-01,juniper,515,kbps,1,114729.54
2026-04-22T02:00:00+00:00,dev-004,edge-rtr-01,juniper,515,kbps,1,126628.08
2026-04-22T03:00:00+00:00,dev-004,edge-rtr-01,juniper,515,kbps,1,100024.78
2026-04-22T04:00:00+00:00,dev-004,edge-rtr-01,juniper,515,kbps,1,125525.44
2026-04-22T05:00:00+00:00,dev-004,edge-rtr-01,juniper,515,kbps,1,122916.45
2026-04-22T06:00:00+00:00,dev-004,edge-rtr-01,juniper,515,kbps,1,123400.52
2026-04-22T07:00:00+00:00,dev-004,edge-rtr-01,juniper,515,kbps,1,124599.75
2026-04-22T08:00:00+00:00,dev-004,edge-rtr-01,juniper,515,kbps,1,261697.96
2026-04-22T09:00:00+00:00,dev-004,edge-rtr-01,juniper,515,kbps,1,272735.12
2026-04-22T10:00:00+00:00,dev-004,edge-rtr-01,juniper,515,kbps,1,297837.63
2026-04-22T11:00:00+00:00,dev-004,edge-rtr-01,juniper,515,kbps,1,292057.9
2026-04-22T12:00:00+00:00,dev-004,edge-rtr-01,juniper,515,kbps,1,285787.96
2026-04-22T13:00:00+00:00,dev-004,edge-rtr-01,juniper,515,kbps,1,237599.03
2026-04-22T14:00:00+00:00,dev-004,edge-rtr-01,juniper,515,kbps,1,295060.84
2026-04-22T15:00:00+00:00,dev-004,edge-rtr-01,juniper,515,kbps,1,312745.19
2026-04-22T16:00:00+00:00,dev-004,edge-rtr-01,juniper,515,kbps,1,308270.8
2026-04-22T17:00:00+00:00,dev-004,edge-rtr-01,juniper,515,kbps,1,286548.59
2026-04-22T18:00:00+00:00,dev-004,edge-rtr-01,juniper,515,kbps,1,236385.0
2026-04-22T19:00:00+00:00,dev-004,edge-rtr-01,juniper,515,kbps,1,306391.25
2026-04-22T20:00:00+00:00,dev-004,edge-rtr-01,juniper,515,kbps,1,118232.94
2026-04-22T21:00:00+00:00,dev-004,edge-rtr-01,juniper,515,kbps,1,89609.76
2026-04-22T22:00:00+00:00,dev-004,edge-rtr-01,juniper,515,kbps,1,124526.49
2026-04-22T23:00:00+00:00,dev-004,edge-rtr-01,juniper,515,kbps,1,102093.94
2026-04-23T00:00:00+00:00,dev-004,edge-rtr-01,juniper,515,kbps,1,104442.71
2026-04-23T01:00:00+00:00,dev-004,edge-rtr-01,juniper,515,kbps,1,112380.49
2026-04-23T03:00:00+00:00,dev-004,edge-rtr-01,juniper,515,kbps,1,115549.86
2026-04-23T04:00:00+00:00,dev-004,edge-rtr-01,juniper,515,kbps,1,123251.9
2026-04-23T05:00:00+00:00,dev-004,edge-rtr-01,juniper,515,kbps,1,140975.62
2026-04-23T06:00:00+00:00,dev-004,edge-rtr-01,juniper,515,kbps,1,139128.36
2026-04-23T07:00:00+00:00,dev-004,edge-rtr-01,juniper,515,kbps,1,118759.76
2026-04-23T08:00:00+00:00,dev-004,edge-rtr-01,juniper,515,kbps,1,273237.41
2026-04-23T09:00:00+00:00,dev-004,edge-rtr-01,juniper,515,kbps,1,244695.62
2026-04-23T10:00:00+00:00,dev-004,edge-rtr-01,juniper,515,kbps,1,260555.17
2026-04-23T11:00:00+00:00,dev-004,edge-rtr-01,juniper,515,kbps,1,291910.03
2026-04-23T12:00:00+00:00,dev-004,edge-rtr-01,juniper,515,kbps,1,291080.46
2026-04-23T13:00:00+00:00,dev-004,edge-rtr-01,juniper,515,kbps,1,283086.67
2026-04-23T14:00:00+00:00,dev-004,edge-rtr-01,juniper,515,kbps,1,307854.45
2026-04-23T15:00:00+00:00,dev-004,edge-rtr-01,juniper,515,kbps,1,258373.7
2026-04-23T16:00:00+00:00,dev-004,edge-rtr-01,juniper,515,kbps,1,278429.86
2026-04-23T17:00:00+00:00,dev-004,edge-rtr-01,juniper,515,kbps,1,300474.8
2026-04-23T18:00:00+00:00,dev-004,edge-rtr-01,juniper,515,kbps,1,296356.09
2026-04-23T19:00:00+00:00,dev-004,edge-rtr-01,juniper,515,kbps,1,309986.48
2026-04-23T20:00:00+00:00,dev-004,edge-rtr-01,juniper,515,kbps,1,124764.24
2026-04-23T21:00:00+00:00,dev-004,edge-rtr-01,juniper,515,kbps,1,116287.17
2026-04-23T22:00:00+00:00,dev-004,edge-rtr-01,juniper,515,kbps,1,124346.31
2026-04-23T23:00:00+00:00,dev-004,edge-rtr-01,juniper,515,kbps,1,107968.86
2026-04-24T00:00:00+00:00,dev-004,edge-rtr-01,juniper,515,kbps,1,100326.49
2026-04-24T01:00:00+00:00,dev-004,edge-rtr-01,juniper,515,kbps,1,126968.06
2026-04-24T02:00:00+00:00,dev-004,edge-rtr-01,juniper,515,kbps,1,119338.32
2026-04-24T03:00:00+00:00,dev-004,edge-rtr-01,juniper,515,kbps,1,123700.92
2026-04-24T04:00:00+00:00,dev-004,edge-rtr-01,juniper,515,kbps,1,99627.79
2026-04-24T05:00:00+00:00,dev-004,edge-rtr-01,juniper,515,kbps,1,115618.63
2026-04-24T06:00:00+00:00,dev-004,edge-rtr-01,juniper,515,kbps,1,112801.71
2026-04-24T07:00:00+00:00,dev-004,edge-rtr-01,juniper,515,kbps,1,109629.45
2026-04-24T08:00:00+00:00,dev-004,edge-rtr-01,juniper,515,kbps,1,216859.58
2026-04-24T09:00:00+00:00,dev-004,edge-rtr-01,juniper,515,kbps,1,270623.54
2026-04-24T10:00:00+00:00,dev-004,edge-rtr-01,juniper,515,kbps,1,305124.52
2026-04-24T11:00:00+00:00,dev-004,edge-rtr-01,juniper,515,kbps,1,290667.94
2026-04-24T12:00:00+00:00,dev-004,edge-rtr-01,juniper,515,kbps,1,263173.49
2026-04-24T13:00:00+00:00,dev-004,edge-rtr-01,juniper,515,kbps,1,279583.47
2026-04-24T14:00:00+00:00,dev-004,edge-rtr-01,juniper,515,kbps,1,301190.4
2026-04-24T15:00:00+00:00,dev-004,edge-rtr-01,juniper,515,kbps,1,202708.3
2026-04-24T16:00:00+00:00,dev-004,edge-rtr-01,juniper,515,kbps,1,276512.98
2026-04-24T17:00:00+00:00,dev-004,edge-rtr-01,juniper,515,kbps,1,295209.6
2026-04-24T18:00:00+00:00,dev-004,edge-rtr-01,juniper,515,kbps,1,299099.6
2026-04-24T19:00:00+00:00,dev-004,edge-rtr-01,juniper,515,kbps,1,327620.45
2026-04-24T20:00:00+00:00,dev-004,edge-rtr-01,juniper,515,kbps,1,133620.55
2026-04-24T21:00:00+00:00,dev-004,edge-rtr-01,juniper,515,kbps,1,123750.75
2026-04-24T22:00:00+00:00,dev-004,edge-rtr-01,juniper,515,kbps,1,123623.71
2026-04-24T23:00:00+00:00,dev-004,edge-rtr-01,juniper,515,kbps,1,129443.34
2026-04-25T00:00:00+00:00,dev-004,edge-rtr-01,juniper,515,kbps,1,79469.65
2026-04-25T01:00:00+00:00,dev-004,edge-rtr-01,juniper,515,kbps,1,83662.42
2026-04-25T02:00:00+00:00,dev-004,edge-rtr-01,juniper,515,kbps,1,91612.41
2026-04-25T03:00:00+00:00,dev-004,edge-rtr-01,juniper,515,kbps,1,100442.54
2026-04-25T04:00:00+00:00,dev-004,edge-rtr-01,juniper,515,kbps,1,82662.15
2026-04-25T05:00:00+00:00,dev-004,edge-rtr-01,juniper,515,kbps,1,83593.43
2026-04-25T06:00:00+00:00,dev-004,edge-rtr-01,juniper,515,kbps,1,85667.23
2026-04-25T07:00:00+00:00,dev-004,edge-rtr-01,juniper,515,kbps,1,95282.91
2026-04-25T08:00:00+00:00,dev-004,edge-rtr-01,juniper,515,kbps,1,195405.86
2026-04-25T09:00:00+00:00,dev-004,edge-rtr-01,juniper,515,kbps,1,224799.44
2026-04-25T10:00:00+00:00,dev-004,edge-rtr-01,juniper,515,kbps,1,177053.52
2026-04-25T11:00:00+00:00,dev-004,edge-rtr-01,juniper,515,kbps,1,192353.69
2026-04-25T12:00:00+00:00,dev-004,edge-rtr-01,juniper,515,kbps,1,192115.96
2026-04-25T13:00:00+00:00,dev-004,edge-rtr-01,juniper,515,kbps,1,211415.51
2026-04-25T14:00:00+00:00,dev-004,edge-rtr-01,juniper,515,kbps,1,216487.1
2026-04-25T15:00:00+00:00,dev-004,edge-rtr-01,juniper,515,kbps,1,166414.89
2026-04-25T16:00:00+00:00,dev-004,edge-rtr-01,juniper,515,kbps,1,178063.69
2026-04-25T17:00:00+00:00,dev-004,edge-rtr-01,juniper,515,kbps,1,202602.31
2026-04-25T18:00:00+00:00,dev-004,edge-rtr-01,juniper,515,kbps,1,183089.6
2026-04-25T19:00:00+00:00,dev-004,edge-rtr-01,juniper,515,kbps,1,166160.42
2026-04-25T20:00:00+00:00,dev-004,edge-rtr-01,juniper,515,kbps,1,92723.23
2026-04-25T21:00:00+00:00,dev-004,edge-rtr-01,juniper,515,kbps,1,88149.35
2026-04-25T22:00:00+00:00,dev-004,edge-rtr-01,juniper,515,kbps,1,88142.69
2026-04-25T23:00:00+00:00,dev-004,edge-rtr-01,juniper,515,kbps,1,80006.26
2026-04-26T00:00:00+00:00,dev-004,edge-rtr-01,juniper,515,kbps,1,92643.08
2026-04-26T01:00:00+00:00,dev-004,edge-rtr-01,juniper,515,kbps,1,81984.34
2026-04-26T03:00:00+00:00,dev-004,edge-rtr-01,juniper,515,kbps,1,76342.01
2026-04-26T04:00:00+00:00,dev-004,edge-rtr-01,juniper,515,kbps,1,76825.26
2026-04-26T05:00:00+00:00,dev-004,edge-rtr-01,juniper,515,kbps,1,85719.17
2026-04-26T06:00:00+00:00,dev-004,edge-rtr-01,juniper,515,kbps,1,78100.41
2026-04-26T07:00:00+00:00,dev-004,edge-rtr-01,juniper,515,kbps,1,89673.79
2026-04-26T08:00:00+00:00,dev-004,edge-rtr-01,juniper,515,kbps,1,201097.72
2026-04-26T09:00:00+00:00,dev-004,edge-rtr-01,juniper,515,kbps,1,177909.76
2026-04-26T10:00:00+00:00,dev-004,edge-rtr-01,juniper,515,kbps,1,197428.17
2026-04-26T11:00:00+00:00,dev-004,edge-rtr-01,juniper,515,kbps,1,189114.96
2026-04-26T12:00:00+00:00,dev-004,edge-rtr-01,juniper,515,kbps,1,213950.32
2026-04-26T13:00:00+00:00,dev-004,edge-rtr-01,juniper,515,kbps,1,183601.96
2026-04-26T14:00:00+00:00,dev-004,edge-rtr-01,juniper,515,kbps,1,187392.21
2026-04-26T15:00:00+00:00,dev-004,edge-rtr-01,juniper,515,kbps,1,219740.24
2026-04-26T16:00:00+00:00,dev-004,edge-rtr-01,juniper,515,kbps,1,239876.43
2026-04-26T17:00:00+00:00,dev-004,edge-rtr-01,juniper,515,kbps,1,235180.57
2026-04-26T18:00:00+00:00,dev-004,edge-rtr-01,juniper,515,kbps,1,197239.17
2026-04-26T19:00:00+00:00,dev-004,edge-rtr-01,juniper,515,kbps,1,200289.55
2026-04-26T20:00:00+00:00,dev-004,edge-rtr-01,juniper,515,kbps,1,96881.05
2026-04-26T21:00:00+00:00,dev-004,edge-rtr-01,juniper,515,kbps,1,82954.75
2026-04-26T22:00:00+00:00,dev-004,edge-rtr-01,juniper,515,kbps,1,75798.67
2026-04-26T23:00:00+00:00,dev-004,edge-rtr-01,juniper,515,kbps,1,84981.76
2026-04-20T00:00:47+00:00,dev-005,spine-01,arista,3,bps,1000,1254182.01
2026-04-20T01:00:47+00:00,dev-005,spine-01,arista,3,bps,1000,1100502.05
2026-04-20T02:00:47+00:00,dev-005,spine-01,arista,3,bps,1000,1002452.26
2026-04-20T03:00:47+00:00,dev-005,spine-01,arista,3,bps,1000,1027592.46
2026-04-20T04:00:47+00:00,dev-005,spine-01,arista,3,bps,1000,1279851.51
2026-04-20T05:00:47+00:00,dev-005,spine-01,arista,3,bps,1000,1108994.82
2026-04-20T06:00:47+00:00,dev-005,spine-01,arista,3,bps,1000,1183038.35
2026-04-20T07:00:47+00:00,dev-005,spine-01,arista,3,bps,1000,1225507.04
2026-04-20T08:00:47+00:00,dev-005,spine-01,arista,3,bps,1000,2973359.45
2026-04-20T09:00:47+00:00,dev-005,spine-01,arista,3,bps,1000,2706227.22
2026-04-20T10:00:47+00:00,dev-005,spine-01,arista,3,bps,1000,2939640.4
2026-04-20T11:00:47+00:00,dev-005,spine-01,arista,3,bps,1000,2550783.12
2026-04-20T12:00:47+00:00,dev-005,spine-01,arista,3,bps,1000,2698720.07
2026-04-20T13:00:47+00:00,dev-005,spine-01,arista,3,bps,1000,2513163.64
2026-04-20T14:00:47+00:00,dev-005,spine-01,arista,3,bps,1000,3116894.82
2026-04-20T15:00:47+00:00,dev-005,spine-01,arista,3,bps,1000,2792416.7
2026-04-20T16:00:47+00:00,dev-005,spine-01,arista,3,bps,1000,2592993.9
2026-04-20T17:00:47+00:00,dev-005,spine-01,arista,3,bps,1000,2701335.9
2026-04-20T18:00:47+00:00,dev-005,spine-01,arista,3,bps,1000,2737916.03
2026-04-20T19:00:47+00:00,dev-005,spine-01,arista,3,bps,1000,2996145.54
2026-04-20T20:00:47+00:00,dev-005,spine-01,arista,3,bps,1000,1008523.66
2026-04-20T21:00:47+00:00,dev-005,spine-01,arista,3,bps,1000,1075535.3
2026-04-20T22:00:47+00:00,dev-005,spine-01,arista,3,bps,1000,1154627.13
2026-04-20T23:00:47+00:00,dev-005,spine-01,arista,3,bps,1000,1503876.7
2026-04-21T00:00:47+00:00,dev-005,spine-01,arista,3,bps,1000,1314681.47
2026-04-21T01:00:47+00:00,dev-005,spine-01,arista,3,bps,1000,1186625.8
2026-04-21T02:00:47+00:00,dev-005,spine-01,arista,3,bps,1000,1285439.95
2026-04-21T03:00:47+00:00,dev-005,spine-01,arista,3,bps,1000,1446892.34
2026-04-21T04:00:47+00:00,dev-005,spine-01,arista,3,bps,1000,1171950.73
2026-04-21T05:00:47+00:00,dev-005,spine-01,arista,3,bps,1000,1156030.4
2026-04-21T06:00:47+00:00,dev-005,spine-01,arista,3,bps,1000,1345433.23
2026-04-21T07:00:47+00:00,dev-005,spine-01,arista,3,bps,1000,1259301.06
2026-04-21T08:00:47+00:00,dev-005,spine-01,arista,3,bps,1000,2987973.28
2026-04-21T09:00:47+00:00,dev-005,spine-01,arista,3,bps,1000,2657697.73
2026-04-21T10:00:47+00:00,dev-005,spine-01,arista,3,bps,1000,3338776.88
2026-04-21T11:00:47+00:00,dev-005,spine-01,arista,3,bps,1000,3278685.42
2026-04-21T12:00:47+00:00,dev-005,spine-01,arista,3,bps,1000,2958465.38
2026-04-21T13:00:47+00:00,dev-005,spine-01,arista,3,bps,1000,2991601.15
2026-04-21T14:00:47+00:00,dev-005,spine-01,arista,3,bps,1000,2232366.96
2026-04-21T15:00:47+00:00,dev-005,spine-01,arista,3,bps,1000,2978558.74
2026-04-21T16:00:47+00:00,dev-005,spine-01,arista,3,bps,1000,2745649.6
2026-04-21T17:00:47+00:00,dev-005,spine-01,arista,3,bps,1000,2921493.6
2026-04-21T18:00:47+00:00,dev-005,spine-01,arista,3,bps,1000,2991088.64
2026-04-21T19:00:47+00:00,dev-005,spine-01,arista,3,bps,1000,2704438.3
2026-04-21T20:00:47+00:00,dev-005,spine-01,arista,3,bps,1000,997142.18
2026-04-21T21:00:47+00:00,dev-005,spine-01,arista,3,bps,1000,1244144.95
2026-04-21T22:00:47+00:00,dev-005,spine-01,arista,3,bps,1000,1111033.96
2026-04-21T23:00:47+00:00,dev-005,spine-01,arista,3,bps,1000,1160376.71
2026-04-22T00:00:47+00:00,dev-005,spine-01,arista,3,bps,1000,1127458.82
2026-04-22T01:00:47+00:00,dev-005,spine-01,arista,3,bps,1000,1159011.09
2026-04-22T02:00:47+00:00,dev-005,spine-01,arista,3,bps,1000,922857.49
2026-04-22T03:00:47+00:00,dev-005,spine-01,arista,3,bps,1000,1346033.66
2026-04-22T04:00:47+00:00,dev-005,spine-01,arista,3,bps,1000,1230401.53
2026-04-22T05:00:47+00:00,dev-005,spine-01,arista,3,bps,1000,1333367.91
2026-04-22T06:00:47+00:00,dev-005,spine-01,arista,3,bps,1000,1437581.02
2026-04-22T07:00:47+00:00,dev-005,spine-01,arista,3,bps,1000,1202711.17
2026-04-22T08:00:47+00:00,dev-005,spine-01,arista,3,bps,1000,2295317.85
2026-04-22T09:00:47+00:00,dev-005,spine-01,arista,3,bps,1000,2549711.68
2026-04-22T10:00:47+00:00,dev-005,spine-01,arista,3,bps,1000,2462066.75
2026-04-22T11:00:47+00:00,dev-005,spine-01,arista,3,bps,1000,2659475.1
2026-04-22T12:00:47+00:00,dev-005,spine-01,arista,3,bps,1000,2822301.43
2026-04-22T13:00:47+00:00,dev-005,spine-01,arista,3,bps,1000,2239387.57
2026-04-22T14:00:47+00:00,dev-005,spine-01,arista,3,bps,1000,2895893.14
2026-04-22T15:00:47+00:00,dev-005,spine-01,arista,3,bps,1000,2377100.14
2026-04-22T16:00:47+00:00,dev-005,spine-01,arista,3,bps,1000,2883262.27
2026-04-22T17:00:47+00:00,dev-005,spine-01,arista,3,bps,1000,2769342.48
2026-04-22T18:00:47+00:00,dev-005,spine-01,arista,3,bps,1000,2712183.25
2026-04-22T19:00:47+00:00,dev-005,spine-01,arista,3,bps,1000,2779547.94
2026-04-22T20:00:47+00:00,dev-005,spine-01,arista,3,bps,1000,1135226.64
2026-04-22T21:00:47+00:00,dev-005,spine-01,arista,3,bps,1000,1126503.43
2026-04-22T22:00:47+00:00,dev-005,spine-01,arista,3,bps,1000,998069.23
2026-04-22T23:00:47+00:00,dev-005,spine-01,arista,3,bps,1000,1196444.72
2026-04-23T00:00:47+00:00,dev-005,spine-01,arista,3,bps,1000,1421464.05
2026-04-23T01:00:47+00:00,dev-005,spine-01,arista,3,bps,1000,1437659.41
2026-04-23T03:00:47+00:00,dev-005,spine-01,arista,3,bps,1000,1284696.19
2026-04-23T04:00:47+00:00,dev-005,spine-01,arista,3,bps,1000,1118822.39
2026-04-23T05:00:47+00:00,dev-005,spine-01,arista,3,bps,1000,1373130.09
2026-04-23T06:00:47+00:00,dev-005,spine-01,arista,3,bps,1000,1193264.69
2026-04-23T07:00:47+00:00,dev-005,spine-01,arista,3,bps,1000,1191734.94
2026-04-23T08:00:47+00:00,dev-005,spine-01,arista,3,bps,1000,2718456.4
2026-04-23T09:00:47+00:00,dev-005,spine-01,arista,3,bps,1000,2825749.33
2026-04-23T10:00:47+00:00,dev-005,spine-01,arista,3,bps,1000,2678139.83
2026-04-23T11:00:47+00:00,dev-005,spine-01,arista,3,bps,1000,2776540.99
2026-04-23T12:00:47+00:00,dev-005,spine-01,arista,3,bps,1000,2496312.25
2026-04-23T13:00:47+00:00,dev-005,spine-01,arista,3,bps,1000,2695374.16
2026-04-23T14:00:47+00:00,dev-005,spine-01,arista,3,bps,1000,3438555.81
2026-04-23T15:00:47+00:00,dev-005,spine-01,arista,3,bps,1000,2780513.67
2026-04-23T16:00:47+00:00,dev-005,spine-01,arista,3,bps,1000,2733175.04
2026-04-23T17:00:47+00:00,dev-005,spine-01,arista,3,bps,1000,2949064.8
2026-04-23T18:00:47+00:00,dev-005,spine-01,arista,3,bps,1000,2998274.11
2026-04-23T19:00:47+00:00,dev-005,spine-01,arista,3,bps,1000,2488144.72
2026-04-23T20:00:47+00:00,dev-005,spine-01,arista,3,bps,1000,1175140.95
2026-04-23T21:00:47+00:00,dev-005,spine-01,arista,3,bps,1000,1310193.1
2026-04-23T22:00:47+00:00,dev-005,spine-01,arista,3,bps,1000,1232380.52
2026-04-23T23:00:47+00:00,dev-005,spine-01,arista,3,bps,1000,1214634.49
2026-04-24T00:00:47+00:00,dev-005,spine-01,arista,3,bps,1000,1386482.12
2026-04-24T01:00:47+00:00,dev-005,spine-01,arista,3,bps,1000,1118667.27
2026-04-24T02:00:47+00:00,dev-005,spine-01,arista,3,bps,1000,1209929.51
2026-04-24T03:00:47+00:00,dev-005,spine-01,arista,3,bps,1000,1137592.96
2026-04-24T04:00:47+00:00,dev-005,spine-01,arista,3,bps,1000,1378836.99
2026-04-24T05:00:47+00:00,dev-005,spine-01,arista,3,bps,1000,965776.75
2026-04-24T06:00:47+00:00,dev-005,spine-01,arista,3,bps,1000,1119583.0
2026-04-24T07:00:47+00:00,dev-005,spine-01,arista,3,bps,1000,1136501.16
2026-04-24T08:00:47+00:00,dev-005,spine-01,arista,3,bps,1000,2985791.09
2026-04-24T09:00:47+00:00,dev-005,spine-01,arista,3,bps,1000,2969757.13
2026-04-24T10:00:47+00:00,dev-005,spine-01,arista,3,bps,1000,3190654.39
2026-04-24T11:00:47+00:00,dev-005,spine-01,arista,3,bps,1000,2359270.8
2026-04-24T12:00:47+00:00,dev-005,spine-01,arista,3,bps,1000,3010133.0
2026-04-24T13:00:47+00:00,dev-005,spine-01,arista,3,bps,1000,2717881.64
2026-04-24T14:00:47+00:00,dev-005,spine-01,arista,3,bps,1000,2613624.93
2026-04-24T15:00:47+00:00,dev-005,spine-01,arista,3,bps,1000,2951079.19
2026-04-24T16:00:47+00:00,dev-005,spine-01,arista,3,bps,1000,2542360.92
2026-04-24T17:00:47+00:00,dev-005,spine-01,arista,3,bps,1000,2218464.28
2026-04-24T18:00:47+00:00,dev-005,spine-01,arista,3,bps,1000,2696338.82
2026-04-24T19:00:47+00:00,dev-005,spine-01,arista,3,bps,1000,2380624.16
2026-04-24T20:00:47+00:00,dev-005,spine-01,arista,3,bps,1000,1122130.1
2026-04-24T21:00:47+00:00,dev-005,spine-01,arista,3,bps,1000,1244586.57
2026-04-24T22:00:47+00:00,dev-005,spine-01,arista,3,bps,1000,1237439.97
2026-04-24T23:00:47+00:00,dev-005,spine-01,arista,3,bps,1000,1390427.93
2026-04-25T00:00:47+00:00,dev-005,spine-01,arista,3,bps,1000,823229.0
2026-04-25T01:00:47+00:00,dev-005,spine-01,arista,3,bps,1000,711200.15
2026-04-25T02:00:47+00:00,dev-005,spine-01,arista,3,bps,1000,776487.86
2026-04-25T03:00:47+00:00,dev-005,spine-01,arista,3,bps,1000,762771.73
2026-04-25T04:00:47+00:00,dev-005,spine-01,arista,3,bps,1000,737702.69
2026-04-25T05:00:47+00:00,dev-005,spine-01,arista,3,bps,1000,876570.84
2026-04-25T06:00:47+00:00,dev-005,spine-01,arista,3,bps,1000,785800.48
2026-04-25T07:00:47+00:00,dev-005,spine-01,arista,3,bps,1000,673900.68
2026-04-25T08:00:47+00:00,dev-005,spine-01,arista,3,bps,1000,2096596.87
2026-04-25T09:00:47+00:00,dev-005,spine-01,arista,3,bps,1000,1938160.39
2026-04-25T10:00:47+00:00,dev-005,spine-01,arista,3,bps,1000,2029940.11
2026-04-25T11:00:47+00:00,dev-005,spine-01,arista,3,bps,1000,1980721.42
2026-04-25T12:00:47+00:00,dev-005,spine-01,arista,3,bps,1000,2083804.33
2026-04-25T13:00:47+00:00,dev-005,spine-01,arista,3,bps,1000,1967451.67
2026-04-25T14:00:47+00:00,dev-005,spine-01,arista,3,bps,1000,2202295.69
2026-04-25T15:00:47+00:00,dev-005,spine-01,arista,3,bps,1000,2043296.63
2026-04-25T16:00:47+00:00,dev-005,spine-01,arista,3,bps,1000,2036845.25
2026-04-25T17:00:47+00:00,dev-005,spine-01,arista,3,bps,1000,2040333.92
2026-04-25T18:00:47+00:00,dev-005,spine-01,arista,3,bps,1000,1674499.0
2026-04-25T19:00:47+00:00,dev-005,spine-01,arista,3,bps,1000,1927731.39
2026-04-25T20:00:47+00:00,dev-005,spine-01,arista,3,bps,1000,818217.41
2026-04-25T21:00:47+00:00,dev-005,spine-01,arista,3,bps,1000,857433.92
2026-04-25T22:00:47+00:00,dev-005,spine-01,arista,3,bps,1000,725869.69
2026-04-25T23:00:47+00:00,dev-005,spine-01,arista,3,bps,1000,977265.64
2026-04-26T00:00:47+00:00,dev-005,spine-01,arista,3,bps,1000,848768.65
2026-04-26T01:00:47+00:00,dev-005,spine-01,arista,3,bps,1000,738249.33
2026-04-26T03:00:47+00:00,dev-005,spine-01,arista,3,bps,1000,816371.87
2026-04-26T04:00:47+00:00,dev-005,spine-01,arista,3,bps,1000,832467.27
2026-04-26T05:00:47+00:00,dev-005,spine-01,arista,3,bps,1000,779663.46
2026-04-26T06:00:47+00:00,dev-005,spine-01,arista,3,bps,1000,847737.56
2026-04-26T07:00:47+00:00,dev-005,spine-01,arista,3,bps,1000,786141.24
2026-04-26T08:00:47+00:00,dev-005,spine-01,arista,3,bps,1000,2068125.02
2026-04-26T09:00:47+00:00,dev-005,spine-01,arista,3,bps,1000,1817989.8
2026-04-26T10:00:47+00:00,dev-005,spine-01,arista,3,bps,1000,1952453.96
2026-04-26T11:00:47+00:00,dev-005,spine-01,arista,3,bps,1000,2151852.48
2026-04-26T12:00:47+00:00,dev-005,spine-01,arista,3,bps,1000,2464047.1
2026-04-26T13:00:47+00:00,dev-005,spine-01,arista,3,bps,1000,1762501.93
2026-04-26T14:00:47+00:00,dev-005,spine-01,arista,3,bps,1000,1868956.48
2026-04-26T15:00:47+00:00,dev-005,spine-01,arista,3,bps,1000,1795392.2
2026-04-26T16:00:47+00:00,dev-005,spine-01,arista,3,bps,1000,2113728.35
2026-04-26T17:00:47+00:00,dev-005,spine-01,arista,3,bps,1000,1734972.54
2026-04-26T18:00:47+00:00,dev-005,spine-01,arista,3,bps,1000,1865066.02
2026-04-26T19:00:47+00:00,dev-005,spine-01,arista,3,bps,1000,1954198.15
2026-04-26T20:00:47+00:00,dev-005,spine-01,arista,3,bps,1000,757791.0
2026-04-26T21:00:47+00:00,dev-005,spine-01,arista,3,bps,1000,759584.7
2026-04-26T22:00:47+00:00,dev-005,spine-01,arista,3,bps,1000,800047.68
2026-04-26T23:00:47+00:00,dev-005,spine-01,arista,3,bps,1000,663563.02
2026-04-20T00:00:00+00:00,dev-006,core-rtr-01,cisco,2,bps,1,307962784.19
2026-04-20T01:00:00+00:00,dev-006,core-rtr-01,cisco,2,bps,1,345130772.84
2026-04-20T02:00:00+00:00,dev-006,core-rtr-01,cisco,2,bps,1,365336302.91
2026-04-20T03:00:00+00:00,dev-006,core-rtr-01,cisco,2,bps,1,353312640.51
2026-04-20T04:00:00+00:00,dev-006,core-rtr-01,cisco,2,bps,1,296137126.99
2026-04-20T05:00:00+00:00,dev-006,core-rtr-01,cisco,2,bps,1,343303693.5
2026-04-20T06:00:00+00:00,dev-006,core-rtr-01,cisco,2,bps,1,388743755.06
2026-04-20T07:00:00+00:00,dev-006,core-rtr-01,cisco,2,bps,1,380011158.43
2026-04-20T08:00:00+00:00,dev-006,core-rtr-01,cisco,2,bps,1,833385179.63
2026-04-20T09:00:00+00:00,dev-006,core-rtr-01,cisco,2,bps,1,765460930.49
2026-04-20T10:00:00+00:00,dev-006,core-rtr-01,cisco,2,bps,1,893022175.16
2026-04-20T11:00:00+00:00,dev-006,core-rtr-01,cisco,2,bps,1,791369965.58
2026-04-20T12:00:00+00:00,dev-006,core-rtr-01,cisco,2,bps,1,741783134.19
2026-04-20T13:00:00+00:00,dev-006,core-rtr-01,cisco,2,bps,1,772616356.25
2026-04-20T14:00:00+00:00,dev-006,core-rtr-01,cisco,2,bps,1,961661004.51
2026-04-20T15:00:00+00:00,dev-006,core-rtr-01,cisco,2,bps,1,858495123.21
2026-04-20T16:00:00+00:00,dev-006,core-rtr-01,cisco,2,bps,1,937376752.46
2026-04-20T17:00:00+00:00,dev-006,core-rtr-01,cisco,2,bps,1,799735749.68
2026-04-20T18:00:00+00:00,dev-006,core-rtr-01,cisco,2,bps,1,918804544.49
2026-04-20T19:00:00+00:00,dev-006,core-rtr-01,cisco,2,bps,1,789473660.34
2026-04-20T20:00:00+00:00,dev-006,core-rtr-01,cisco,2,bps,1,354332614.71
2026-04-20T21:00:00+00:00,dev-006,core-rtr-01,cisco,2,bps,1,449508609.36
2026-04-20T22:00:00+00:00,dev-006,core-rtr-01,cisco,2,bps,1,387617350.76
2026-04-20T23:00:00+00:00,dev-006,core-rtr-01,cisco,2,bps,1,341957866.49
2026-04-21T00:00:00+00:00,dev-006,core-rtr-01,cisco,2,bps,1,356946514.6
2026-04-21T01:00:00+00:00,dev-006,core-rtr-01,cisco,2,bps,1,371744043.15
2026-04-21T02:00:00+00:00,dev-006,core-rtr-01,cisco,2,bps,1,403576473.22
2026-04-21T03:00:00+00:00,dev-006,core-rtr-01,cisco,2,bps,1,342391208.7
2026-04-21T04:00:00+00:00,dev-006,core-rtr-01,cisco,2,bps,1,297312512.95
2026-04-21T05:00:00+00:00,dev-006,core-rtr-01,cisco,2,bps,1,349932894.73
2026-04-21T06:00:00+00:00,dev-006,core-rtr-01,cisco,2,bps,1,360553876.46
2026-04-21T07:00:00+00:00,dev-006,core-rtr-01,cisco,2,bps,1,363943366.87
2026-04-21T08:00:00+00:00,dev-006,core-rtr-01,cisco,2,bps,1,950601971.44
2026-04-21T09:00:00+00:00,dev-006,core-rtr-01,cisco,2,bps,1,866601714.58
2026-04-21T10:00:00+00:00,dev-006,core-rtr-01,cisco,2,bps,1,908285025.62
2026-04-21T11:00:00+00:00,dev-006,core-rtr-01,cisco,2,bps,1,747506449.71
2026-04-21T12:00:00+00:00,dev-006,core-rtr-01,cisco,2,bps,1,912903725.03
2026-04-21T13:00:00+00:00,dev-006,core-rtr-01,cisco,2,bps,1,1016082465.86
2026-04-21T14:00:00+00:00,dev-006,core-rtr-01,cisco,2,bps,1,904924380.38
2026-04-21T15:00:00+00:00,dev-006,core-rtr-01,cisco,2,bps,1,861298680.48
2026-04-21T16:00:00+00:00,dev-006,core-rtr-01,cisco,2,bps,1,852935007.83
2026-04-21T17:00:00+00:00,dev-006,core-rtr-01,cisco,2,bps,1,990119948.08
2026-04-21T18:00:00+00:00,dev-006,core-rtr-01,cisco,2,bps,1,762116755.4
2026-04-21T19:00:00+00:00,dev-006,core-rtr-01,cisco,2,bps,1,830667401.93
2026-04-21T20:00:00+00:00,dev-006,core-rtr-01,cisco,2,bps,1,376567473.35
2026-04-21T21:00:00+00:00,dev-006,core-rtr-01,cisco,2,bps,1,386784039.88
2026-04-21T22:00:00+00:00,dev-006,core-rtr-01,cisco,2,bps,1,344256195.39
2026-04-21T23:00:00+00:00,dev-006,core-rtr-01,cisco,2,bps,1,371063570.21
2026-04-22T00:00:00+00:00,dev-006,core-rtr-01,cisco,2,bps,1,349994826.67
2026-04-22T01:00:00+00:00,dev-006,core-rtr-01,cisco,2,bps,1,364336960.78
2026-04-22T02:00:00+00:00,dev-006,core-rtr-01,cisco,2,bps,1,355244704.55
2026-04-22T03:00:00+00:00,dev-006,core-rtr-01,cisco,2,bps,1,318902627.6
2026-04-22T04:00:00+00:00,dev-006,core-rtr-01,cisco,2,bps,1,359239910.94
2026-04-22T05:00:00+00:00,dev-006,core-rtr-01,cisco,2,bps,1,391577454.79
2026-04-22T06:00:00+00:00,dev-006,core-rtr-01,cisco,2,bps,1,325187341.5
2026-04-22T07:00:00+00:00,dev-006,core-rtr-01,cisco,2,bps,1,351320697.04
2026-04-22T08:00:00+00:00,dev-006,core-rtr-01,cisco,2,bps,1,895841525.41
2026-04-22T09:00:00+00:00,dev-006,core-rtr-01,cisco,2,bps,1,750131331.03
2026-04-22T10:00:00+00:00,dev-006,core-rtr-01,cisco,2,bps,1,855341620.35
2026-04-22T11:00:00+00:00,dev-006,core-rtr-01,cisco,2,bps,1,750949095.21
2026-04-22T12:00:00+00:00,dev-006,core-rtr-01,cisco,2,bps,1,935308962.07
2026-04-22T13:00:00+00:00,dev-006,core-rtr-01,cisco,2,bps,1,1034276996.08
2026-04-22T14:00:00+00:00,dev-006,core-rtr-01,cisco,2,bps,1,1009869443.88
2026-04-22T15:00:00+00:00,dev-006,core-rtr-01,cisco,2,bps,1,821588823.07
2026-04-22T16:00:00+00:00,dev-006,core-rtr-01,cisco,2,bps,1,902176726.81
2026-04-22T17:00:00+00:00,dev-006,core-rtr-01,cisco,2,bps,1,850163809.19
2026-04-22T18:00:00+00:00,dev-006,core-rtr-01,cisco,2,bps,1,848576895.27
2026-04-22T19:00:00+00:00,dev-006,core-rtr-01,cisco,2,bps,1,970011593.12
2026-04-22T20:00:00+00:00,dev-006,core-rtr-01,cisco,2,bps,1,312509535.26
2026-04-22T21:00:00+00:00,dev-006,core-rtr-01,cisco,2,bps,1,397990605.51
2026-04-22T22:00:00+00:00,dev-006,core-rtr-01,cisco,2,bps,1,358236864.17
2026-04-22T23:00:00+00:00,dev-006,core-rtr-01,cisco,2,bps,1,410707462.34
2026-04-23T00:00:00+00:00,dev-006,core-rtr-01,cisco,2,bps,1,366740401.28
2026-04-23T01:00:00+00:00,dev-006,core-rtr-01,cisco,2,bps,1,335783808.2
2026-04-23T03:00:00+00:00,dev-006,core-rtr-01,cisco,2,bps,1,386494815.42
2026-04-23T04:00:00+00:00,dev-006,core-rtr-01,cisco,2,bps,1,361287492.27
2026-04-23T05:00:00+00:00,dev-006,core-rtr-01,cisco,2,bps,1,377569377.96
2026-04-23T06:00:00+00:00,dev-006,core-rtr-01,cisco,2,bps,1,341219693.67
2026-04-23T07:00:00+00:00,dev-006,core-rtr-01,cisco,2,bps,1,283180179.57
2026-04-23T08:00:00+00:00,dev-006,core-rtr-01,cisco,2,bps,1,915601981.04
2026-04-23T09:00:00+00:00,dev-006,core-rtr-01,cisco,2,bps,1,898729417.84
2026-04-23T10:00:00+00:00,dev-006,core-rtr-01,cisco,2,bps,1,852446984.31
2026-04-23T11:00:00+00:00,dev-006,core-rtr-01,cisco,2,bps,1,845746487.23
2026-04-23T12:00:00+00:00,dev-006,core-rtr-01,cisco,2,bps,1,927048844.63
2026-04-23T13:00:00+00:00,dev-006,core-rtr-01,cisco,2,bps,1,801603035.06
2026-04-23T14:00:00+00:00,dev-006,core-rtr-01,cisco,2,bps,1,780651138.51
2026-04-23T15:00:00+00:00,dev-006,core-rtr-01,cisco,2,bps,1,824161810.96
2026-04-23T16:00:00+00:00,dev-006,core-rtr-01,cisco,2,bps,1,939884163.84
2026-04-23T17:00:00+00:00,dev-006,core-rtr-01,cisco,2,bps,1,723482516.04
2026-04-23T18:00:00+00:00,dev-006,core-rtr-01,cisco,2,bps,1,940113719.38
2026-04-23T19:00:00+00:00,dev-006,core-rtr-01,cisco,2,bps,1,786302760.25
2026-04-23T20:00:00+00:00,dev-006,core-rtr-01,cisco,2,bps,1,320373234.01
2026-04-23T21:00:00+00:00,dev-006,core-rtr-01,cisco,2,bps,1,405362226.1
2026-04-23T22:00:00+00:00,dev-006,core-rtr-01,cisco,2,bps,1,356511956.59
2026-04-23T23:00:00+00:00,dev-006,core-rtr-01,cisco,2,bps,1,313191562.88
2026-04-24T00:00:00+00:00,dev-006,core-rtr-01,cisco,2,bps,1,347085609.87
2026-04-24T01:00:00+00:00,dev-006,core-rtr-01,cisco,2,bps,1,393517887.51
2026-04-24T02:00:00+00:00,dev-006,core-rtr-01,cisco,2,bps,1,402914670.93
2026-04-24T03:00:00+00:00,dev-006,core-rtr-01,cisco,2,bps,1,344624447.45
2026-04-24T04:00:00+00:00,dev-006,core-rtr-01,cisco,2,bps,1,374627547.33
2026-04-24T05:00:00+00:00,dev-006,core-rtr-01,cisco,2,bps,1,385707046.77
2026-04-24T06:00:00+00:00,dev-006,core-rtr-01,cisco,2,bps,1,336793446.23
2026-04-24T07:00:00+00:00,dev-006,core-rtr-01,cisco,2,bps,1,372781298.71
2026-04-24T08:00:00+00:00,dev-006,core-rtr-01,cisco,2,bps,1,837322255.16
2026-04-24T09:00:00+00:00,dev-006,core-rtr-01,cisco,2,bps,1,794973949.52
2026-04-24T10:00:00+00:00,dev-006,core-rtr-01,cisco,2,bps,1,798659573.43
2026-04-24T11:00:00+00:00,dev-006,core-rtr-01,cisco,2,bps,1,845630896.48
2026-04-24T12:00:00+00:00,dev-006,core-rtr-01,cisco,2,bps,1,842507692.9
2026-04-24T13:00:00+00:00,dev-006,core-rtr-01,cisco,2,bps,1,792498843.92
2026-04-24T14:00:00+00:00,dev-006,core-rtr-01,cisco,2,bps,1,804220610.89
2026-04-24T15:00:00+00:00,dev-006,core-rtr-01,cisco,2,bps,1,933520328.02
2026-04-24T16:00:00+00:00,dev-006,core-rtr-01,cisco,2,bps,1,857961479.35
2026-04-24T17:00:00+00:00,dev-006,core-rtr-01,cisco,2,bps,1,914347926.79
2026-04-24T18:00:00+00:00,dev-006,core-rtr-01,cisco,2,bps,1,940953067.48
2026-04-24T19:00:00+00:00,dev-006,core-rtr-01,cisco,2,bps,1,889462749.81
2026-04-24T20:00:00+00:00,dev-006,core-rtr-01,cisco,2,bps,1,441751907.28
2026-04-24T21:00:00+00:00,dev-006,core-rtr-01,cisco,2,bps,1,330289054.86
2026-04-24T22:00:00+00:00,dev-006,core-rtr-01,cisco,2,bps,1,389102745.35
2026-04-24T23:00:00+00:00,dev-006,core-rtr-01,cisco,2,bps,1,348546816.97
2026-04-25T00:00:00+00:00,dev-006,core-rtr-01,cisco,2,bps,1,298765738.24
2026-04-25T01:00:00+00:00,dev-006,core-rtr-01,cisco,2,bps,1,294851091.06
2026-04-25T02:00:00+00:00,dev-006,core-rtr-01,cisco,2,bps,1,202753878.21
2026-04-25T03:00:00+00:00,dev-006,core-rtr-01,cisco,2,bps,1,227584570.69
2026-04-25T04:00:00+00:00,dev-006,core-rtr-01,cisco,2,bps,1,268740685.35
2026-04-25T05:00:00+00:00,dev-006,core-rtr-01,cisco,2,bps,1,271904653.69
2026-04-25T06:00:00+00:00,dev-006,core-rtr-01,cisco,2,bps,1,270561418.25
2026-04-25T07:00:00+00:00,dev-006,core-rtr-01,cisco,2,bps,1,250214193.73
2026-04-25T08:00:00+00:00,dev-006,core-rtr-01,cisco,2,bps,1,614761104.48
2026-04-25T09:00:00+00:00,dev-006,core-rtr-01,cisco,2,bps,1,626397660.42
2026-04-25T10:00:00+00:00,dev-006,core-rtr-01,cisco,2,bps,1,583421169.35
2026-04-25T11:00:00+00:00,dev-006,core-rtr-01,cisco,2,bps,1,648405355.74
2026-04-25T12:00:00+00:00,dev-006,core-rtr-01,cisco,2,bps,1,455141561.75
2026-04-25T13:00:00+00:00,dev-006,core-rtr-01,cisco,2,bps,1,625267058.95
2026-04-25T14:00:00+00:00,dev-006,core-rtr-01,cisco,2,bps,1,527197706.4
2026-04-25T15:00:00+00:00,dev-006,core-rtr-01,cisco,2,bps,1,644370255.11
2026-04-25T16:00:00+00:00,dev-006,core-rtr-01,cisco,2,bps,1,574553355.82
2026-04-25T17:00:00+00:00,dev-006,core-rtr-01,cisco,2,bps,1,535739308.46
2026-04-25T18:00:00+00:00,dev-006,core-rtr-01,cisco,2,bps,1,609985446.82
2026-04-25T19:00:00+00:00,dev-006,core-rtr-01,cisco,2,bps,1,534413590.33
2026-04-25T20:00:00+00:00,dev-006,core-rtr-01,cisco,2,bps,1,228998248.98
2026-04-25T21:00:00+00:00,dev-006,core-rtr-01,cisco,2,bps,1,212504182.23
2026-04-25T22:00:00+00:00,dev-006,core-rtr-01,cisco,2,bps,1,251326964.58
2026-04-25T23:00:00+00:00,dev-006,core-rtr-01,cisco,2,bps,1,264519952.75
2026-04-26T00:00:00+00:00,dev-006,core-rtr-01,cisco,2,bps,1,277780254.85
2026-04-26T01:00:00+00:00,dev-006,core-rtr-01,cisco,2,bps,1,248428457.88
2026-04-26T03:00:00+00:00,dev-006,core-rtr-01,cisco,2,bps,1,252452616.57
2026-04-26T04:00:00+00:00,dev-006,core-rtr-01,cisco,2,bps,1,249649130.28
2026-04-26T05:00:00+00:00,dev-006,core-rtr-01,cisco,2,bps,1,266453786.29
2026-04-26T06:00:00+00:00,dev-006,core-rtr-01,cisco,2,bps,1,278671497.96
2026-04-26T07:00:00+00:00,dev-006,core-rtr-01,cisco,2,bps,1,243395851.75
2026-04-26T08:00:00+00:00,dev-006,core-rtr-01,cisco,2,bps,1,573666816.63
2026-04-26T09:00:00+00:00,dev-006,core-rtr-01,cisco,2,bps,1,578543113.4
2026-04-26T10:00:00+00:00,dev-006,core-rtr-01,cisco,2,bps,1,592866824.67
2026-04-26T11:00:00+00:00,dev-006,core-rtr-01,cisco,2,bps,1,535055997.28
2026-04-26T12:00:00+00:00,dev-006,core-rtr-01,cisco,2,bps,1,648446756.33
2026-04-26T13:00:00+00:00,dev-006,core-rtr-01,cisco,2,bps,1,564455913.65
2026-04-26T14:00:00+00:00,dev-006,core-rtr-01,cisco,2,bps,1,615191675.26
2026-04-26T15:00:00+00:00,dev-006,core-rtr-01,cisco,2,bps,1,539462212.75
2026-04-26T16:00:00+00:00,dev-006,core-rtr-01,cisco,2,bps,1,609097672.43
2026-04-26T17:00:00+00:00,dev-006,core-rtr-01,cisco,2,bps,1,611025669.33
2026-04-26T18:00:00+00:00,dev-006,core-rtr-01,cisco,2,bps,1,563263933.28
2026-04-26T19:00:00+00:00,dev-006,core-rtr-01,cisco,2,bps,1,706828298.66
2026-04-26T20:00:00+00:00,dev-006,core-rtr-01,cisco,2,bps,1,261350207.02
2026-04-26T21:00:00+00:00,dev-006,core-rtr-01,cisco,2,bps,1,296778608.86
2026-04-26T22:00:00+00:00,dev-006,core-rtr-01,cisco,2,bps,1,276170300.88
2026-04-26T23:00:00+00:00,dev-006,core-rtr-01,cisco,2,bps,1,235310674.86
